0 verbose cli /usr/bin/node-22 /usr/bin/npm
1 info using npm@10.9.4
2 info using node@v22.22.0
3 silly config load:file:/usr/lib/node_modules_22/npm/npmrc
4 silly config load:file:/home/Twitch/Projects/mafia-game/.npmrc
5 silly config load:file:/home/Twitch/.npmrc
6 silly config load:file:/etc/npmrc
7 verbose title npm install
8 verbose argv "install"
9 verbose logfile logs-max:10 dir:/home/Twitch/Projects/mafia-game/.npm-cache/_logs/2026-05-05T20_38_44_222Z-
10 verbose logfile /home/Twitch/Projects/mafia-game/.npm-cache/_logs/2026-05-05T20_38_44_222Z-debug-0.log
11 silly logfile done cleaning log files
12 silly packumentCache heap:2197815296 maxSize:549453824 maxEntrySize:274726912
13 silly idealTree buildDeps
14 silly reify mark retired [ '/home/Twitch/Projects/mafia-game/node_modules/accepts' ]
15 silly reify mark retired [ '/home/Twitch/Projects/mafia-game/node_modules/ansi-regex' ]
16 silly reify mark retired [ '/home/Twitch/Projects/mafia-game/node_modules/any-promise' ]
17 silly reify mark retired [ '/home/Twitch/Projects/mafia-game/node_modules/anymatch' ]
18 silly reify mark retired [ '/home/Twitch/Projects/mafia-game/node_modules/arg' ]
19 silly reify mark retired [ '/home/Twitch/Projects/mafia-game/node_modules/aria-query' ]
20 silly reify mark retired [
20 silly reify   '/home/Twitch/Projects/mafia-game/node_modules/array-buffer-byte-length'
20 silly reify ]
21 silly reify mark retired [ '/home/Twitch/Projects/mafia-game/node_modules/array-includes' ]
22 silly reify mark retired [ '/home/Twitch/Projects/mafia-game/node_modules/array-union' ]
23 silly reify mark retired [
23 silly reify   '/home/Twitch/Projects/mafia-game/node_modules/array.prototype.findlast'
23 silly reify ]
24 silly reify mark retired [
24 silly reify   '/home/Twitch/Projects/mafia-game/node_modules/array.prototype.findlastindex'
24 silly reify ]
25 silly reify mark retired [
25 silly reify   '/home/Twitch/Projects/mafia-game/node_modules/array.prototype.flat'
25 silly reify ]
26 silly reify mark retired [
26 silly reify   '/home/Twitch/Projects/mafia-game/node_modules/array.prototype.flatmap'
26 silly reify ]
27 silly reify mark retired [
27 silly reify   '/home/Twitch/Projects/mafia-game/node_modules/array.prototype.tosorted'
27 silly reify ]
28 silly reify mark retired [
28 silly reify   '/home/Twitch/Projects/mafia-game/node_modules/arraybuffer.prototype.slice'
28 silly reify ]
29 silly reify mark retired [ '/home/Twitch/Projects/mafia-game/node_modules/ast-types-flow' ]
30 silly reify mark retired [ '/home/Twitch/Projects/mafia-game/node_modules/async-function' ]
31 silly reify mark retired [ '/home/Twitch/Projects/mafia-game/node_modules/autoprefixer' ]
32 silly reify mark retired [
32 silly reify   '/home/Twitch/Projects/mafia-game/node_modules/available-typed-arrays'
32 silly reify ]
33 silly reify mark retired [ '/home/Twitch/Projects/mafia-game/node_modules/axe-core' ]
34 silly reify mark retired [ '/home/Twitch/Projects/mafia-game/node_modules/axobject-query' ]
35 silly reify mark retired [ '/home/Twitch/Projects/mafia-game/node_modules/base64id' ]
36 silly reify mark retired [
36 silly reify   '/home/Twitch/Projects/mafia-game/node_modules/baseline-browser-mapping'
36 silly reify ]
37 silly reify mark retired [ '/home/Twitch/Projects/mafia-game/node_modules/binary-extensions' ]
38 silly reify mark retired [ '/home/Twitch/Projects/mafia-game/node_modules/brace-expansion' ]
39 silly reify mark retired [ '/home/Twitch/Projects/mafia-game/node_modules/braces' ]
40 silly reify mark retired [ '/home/Twitch/Projects/mafia-game/node_modules/browserslist' ]
41 silly reify mark retired [ '/home/Twitch/Projects/mafia-game/node_modules/busboy' ]
42 silly reify mark retired [ '/home/Twitch/Projects/mafia-game/node_modules/call-bind' ]
43 silly reify mark retired [
43 silly reify   '/home/Twitch/Projects/mafia-game/node_modules/call-bind-apply-helpers'
43 silly reify ]
44 silly reify mark retired [ '/home/Twitch/Projects/mafia-game/node_modules/call-bound' ]
45 silly reify mark retired [ '/home/Twitch/Projects/mafia-game/node_modules/camelcase-css' ]
46 silly reify mark retired [ '/home/Twitch/Projects/mafia-game/node_modules/caniuse-lite' ]
47 silly reify mark retired [ '/home/Twitch/Projects/mafia-game/node_modules/chokidar' ]
48 silly reify mark retired [ '/home/Twitch/Projects/mafia-game/node_modules/client-only' ]
49 silly reify mark retired [ '/home/Twitch/Projects/mafia-game/node_modules/commander' ]
50 silly reify mark retired [ '/home/Twitch/Projects/mafia-game/node_modules/cookie' ]
51 silly reify mark retired [ '/home/Twitch/Projects/mafia-game/node_modules/cors' ]
52 silly reify mark retired [ '/home/Twitch/Projects/mafia-game/node_modules/cssesc' ]
53 silly reify mark retired [ '/home/Twitch/Projects/mafia-game/node_modules/damerau-levenshtein' ]
54 silly reify mark retired [ '/home/Twitch/Projects/mafia-game/node_modules/data-view-buffer' ]
55 silly reify mark retired [
55 silly reify   '/home/Twitch/Projects/mafia-game/node_modules/data-view-byte-length'
55 silly reify ]
56 silly reify mark retired [
56 silly reify   '/home/Twitch/Projects/mafia-game/node_modules/data-view-byte-offset'
56 silly reify ]
57 silly reify mark retired [
57 silly reify   '/home/Twitch/Projects/mafia-game/node_modules/define-data-property'
57 silly reify ]
58 silly reify mark retired [ '/home/Twitch/Projects/mafia-game/node_modules/define-properties' ]
59 silly reify mark retired [ '/home/Twitch/Projects/mafia-game/node_modules/didyoumean' ]
60 silly reify mark retired [ '/home/Twitch/Projects/mafia-game/node_modules/dir-glob' ]
61 silly reify mark retired [ '/home/Twitch/Projects/mafia-game/node_modules/dlv' ]
62 silly reify mark retired [ '/home/Twitch/Projects/mafia-game/node_modules/doctrine' ]
63 silly reify mark retired [ '/home/Twitch/Projects/mafia-game/node_modules/dunder-proto' ]
64 silly reify mark retired [ '/home/Twitch/Projects/mafia-game/node_modules/eastasianwidth' ]
65 silly reify mark retired [
65 silly reify   '/home/Twitch/Projects/mafia-game/node_modules/electron-to-chromium'
65 silly reify ]
66 silly reify mark retired [ '/home/Twitch/Projects/mafia-game/node_modules/emoji-regex' ]
67 silly reify mark retired [ '/home/Twitch/Projects/mafia-game/node_modules/engine.io' ]
68 silly reify mark retired [ '/home/Twitch/Projects/mafia-game/node_modules/engine.io-client' ]
69 silly reify mark retired [ '/home/Twitch/Projects/mafia-game/node_modules/engine.io-parser' ]
70 silly reify mark retired [ '/home/Twitch/Projects/mafia-game/node_modules/es-abstract' ]
71 silly reify mark retired [ '/home/Twitch/Projects/mafia-game/node_modules/es-define-property' ]
72 silly reify mark retired [ '/home/Twitch/Projects/mafia-game/node_modules/es-errors' ]
73 silly reify mark retired [ '/home/Twitch/Projects/mafia-game/node_modules/es-iterator-helpers' ]
74 silly reify mark retired [ '/home/Twitch/Projects/mafia-game/node_modules/es-object-atoms' ]
75 silly reify mark retired [ '/home/Twitch/Projects/mafia-game/node_modules/es-set-tostringtag' ]
76 silly reify mark retired [ '/home/Twitch/Projects/mafia-game/node_modules/es-shim-unscopables' ]
77 silly reify mark retired [ '/home/Twitch/Projects/mafia-game/node_modules/es-to-primitive' ]
78 silly reify mark retired [ '/home/Twitch/Projects/mafia-game/node_modules/eslint' ]
79 silly reify mark retired [ '/home/Twitch/Projects/mafia-game/node_modules/eslint-config-next' ]
80 silly reify mark retired [
80 silly reify   '/home/Twitch/Projects/mafia-game/node_modules/eslint-import-resolver-node'
80 silly reify ]
81 silly reify mark retired [ '/home/Twitch/Projects/mafia-game/node_modules/eslint-module-utils' ]
82 silly reify mark retired [
82 silly reify   '/home/Twitch/Projects/mafia-game/node_modules/eslint-plugin-import'
82 silly reify ]
83 silly reify mark retired [
83 silly reify   '/home/Twitch/Projects/mafia-game/node_modules/eslint-plugin-jsx-a11y'
83 silly reify ]
84 silly reify mark retired [ '/home/Twitch/Projects/mafia-game/node_modules/eslint-plugin-react' ]
85 silly reify mark retired [
85 silly reify   '/home/Twitch/Projects/mafia-game/node_modules/eslint-plugin-react-hooks'
85 silly reify ]
86 silly reify mark retired [ '/home/Twitch/Projects/mafia-game/node_modules/eslint-scope' ]
87 silly reify mark retired [ '/home/Twitch/Projects/mafia-game/node_modules/espree' ]
88 silly reify mark retired [ '/home/Twitch/Projects/mafia-game/node_modules/fast-glob' ]
89 silly reify mark retired [ '/home/Twitch/Projects/mafia-game/node_modules/fastq' ]
90 silly reify mark retired [ '/home/Twitch/Projects/mafia-game/node_modules/file-entry-cache' ]
91 silly reify mark retired [ '/home/Twitch/Projects/mafia-game/node_modules/fill-range' ]
92 silly reify mark retired [ '/home/Twitch/Projects/mafia-game/node_modules/flat-cache' ]
93 silly reify mark retired [ '/home/Twitch/Projects/mafia-game/node_modules/flatted' ]
94 silly reify mark retired [ '/home/Twitch/Projects/mafia-game/node_modules/for-each' ]
95 silly reify mark retired [ '/home/Twitch/Projects/mafia-game/node_modules/foreground-child' ]
96 silly reify mark retired [ '/home/Twitch/Projects/mafia-game/node_modules/fraction.js' ]
97 silly reify mark retired [ '/home/Twitch/Projects/mafia-game/node_modules/fs.realpath' ]
98 silly reify mark retired [ '/home/Twitch/Projects/mafia-game/node_modules/fsevents' ]
99 silly reify mark retired [ '/home/Twitch/Projects/mafia-game/node_modules/function-bind' ]
100 silly reify mark retired [
100 silly reify   '/home/Twitch/Projects/mafia-game/node_modules/function.prototype.name'
100 silly reify ]
101 silly reify mark retired [
101 silly reify   '/home/Twitch/Projects/mafia-game/node_modules/functions-have-names'
101 silly reify ]
102 silly reify mark retired [ '/home/Twitch/Projects/mafia-game/node_modules/generator-function' ]
103 silly reify mark retired [ '/home/Twitch/Projects/mafia-game/node_modules/get-intrinsic' ]
104 silly reify mark retired [ '/home/Twitch/Projects/mafia-game/node_modules/get-proto' ]
105 silly reify mark retired [
105 silly reify   '/home/Twitch/Projects/mafia-game/node_modules/get-symbol-description'
105 silly reify ]
106 silly reify mark retired [ '/home/Twitch/Projects/mafia-game/node_modules/get-tsconfig' ]
107 silly reify mark retired [ '/home/Twitch/Projects/mafia-game/node_modules/glob' ]
108 silly reify mark retired [ '/home/Twitch/Projects/mafia-game/node_modules/globals' ]
109 silly reify mark retired [ '/home/Twitch/Projects/mafia-game/node_modules/globalthis' ]
110 silly reify mark retired [ '/home/Twitch/Projects/mafia-game/node_modules/globby' ]
111 silly reify mark retired [ '/home/Twitch/Projects/mafia-game/node_modules/gopd' ]
112 silly reify mark retired [ '/home/Twitch/Projects/mafia-game/node_modules/graceful-fs' ]
113 silly reify mark retired [ '/home/Twitch/Projects/mafia-game/node_modules/graphemer' ]
114 silly reify mark retired [ '/home/Twitch/Projects/mafia-game/node_modules/has-bigints' ]
115 silly reify mark retired [
115 silly reify   '/home/Twitch/Projects/mafia-game/node_modules/has-property-descriptors'
115 silly reify ]
116 silly reify mark retired [ '/home/Twitch/Projects/mafia-game/node_modules/has-proto' ]
117 silly reify mark retired [ '/home/Twitch/Projects/mafia-game/node_modules/has-symbols' ]
118 silly reify mark retired [ '/home/Twitch/Projects/mafia-game/node_modules/has-tostringtag' ]
119 silly reify mark retired [ '/home/Twitch/Projects/mafia-game/node_modules/hasown' ]
120 silly reify mark retired [ '/home/Twitch/Projects/mafia-game/node_modules/inflight' ]
121 silly reify mark retired [ '/home/Twitch/Projects/mafia-game/node_modules/inherits' ]
122 silly reify mark retired [ '/home/Twitch/Projects/mafia-game/node_modules/internal-slot' ]
123 silly reify mark retired [ '/home/Twitch/Projects/mafia-game/node_modules/is-array-buffer' ]
124 silly reify mark retired [ '/home/Twitch/Projects/mafia-game/node_modules/is-async-function' ]
125 silly reify mark retired [ '/home/Twitch/Projects/mafia-game/node_modules/is-bigint' ]
126 silly reify mark retired [ '/home/Twitch/Projects/mafia-game/node_modules/is-binary-path' ]
127 silly reify mark retired [ '/home/Twitch/Projects/mafia-game/node_modules/is-boolean-object' ]
128 silly reify mark retired [ '/home/Twitch/Projects/mafia-game/node_modules/is-bun-module' ]
129 silly reify mark retired [ '/home/Twitch/Projects/mafia-game/node_modules/is-callable' ]
130 silly reify mark retired [ '/home/Twitch/Projects/mafia-game/node_modules/is-core-module' ]
131 silly reify mark retired [ '/home/Twitch/Projects/mafia-game/node_modules/is-data-view' ]
132 silly reify mark retired [ '/home/Twitch/Projects/mafia-game/node_modules/is-date-object' ]
133 silly reify mark retired [
133 silly reify   '/home/Twitch/Projects/mafia-game/node_modules/is-finalizationregistry'
133 silly reify ]
134 silly reify mark retired [
134 silly reify   '/home/Twitch/Projects/mafia-game/node_modules/is-fullwidth-code-point'
134 silly reify ]
135 silly reify mark retired [
135 silly reify   '/home/Twitch/Projects/mafia-game/node_modules/is-generator-function'
135 silly reify ]
136 silly reify mark retired [ '/home/Twitch/Projects/mafia-game/node_modules/is-map' ]
137 silly reify mark retired [ '/home/Twitch/Projects/mafia-game/node_modules/is-negative-zero' ]
138 silly reify mark retired [ '/home/Twitch/Projects/mafia-game/node_modules/is-number' ]
139 silly reify mark retired [ '/home/Twitch/Projects/mafia-game/node_modules/is-number-object' ]
140 silly reify mark retired [ '/home/Twitch/Projects/mafia-game/node_modules/is-path-inside' ]
141 silly reify mark retired [ '/home/Twitch/Projects/mafia-game/node_modules/is-regex' ]
142 silly reify mark retired [ '/home/Twitch/Projects/mafia-game/node_modules/is-set' ]
143 silly reify mark retired [
143 silly reify   '/home/Twitch/Projects/mafia-game/node_modules/is-shared-array-buffer'
143 silly reify ]
144 silly reify mark retired [ '/home/Twitch/Projects/mafia-game/node_modules/is-string' ]
145 silly reify mark retired [ '/home/Twitch/Projects/mafia-game/node_modules/is-symbol' ]
146 silly reify mark retired [ '/home/Twitch/Projects/mafia-game/node_modules/is-typed-array' ]
147 silly reify mark retired [ '/home/Twitch/Projects/mafia-game/node_modules/is-weakmap' ]
148 silly reify mark retired [ '/home/Twitch/Projects/mafia-game/node_modules/is-weakref' ]
149 silly reify mark retired [ '/home/Twitch/Projects/mafia-game/node_modules/is-weakset' ]
150 silly reify mark retired [ '/home/Twitch/Projects/mafia-game/node_modules/isarray' ]
151 silly reify mark retired [ '/home/Twitch/Projects/mafia-game/node_modules/iterator.prototype' ]
152 silly reify mark retired [ '/home/Twitch/Projects/mafia-game/node_modules/jackspeak' ]
153 silly reify mark retired [ '/home/Twitch/Projects/mafia-game/node_modules/jiti' ]
154 silly reify mark retired [ '/home/Twitch/Projects/mafia-game/node_modules/json5' ]
155 silly reify mark retired [ '/home/Twitch/Projects/mafia-game/node_modules/jsx-ast-utils' ]
156 silly reify mark retired [
156 silly reify   '/home/Twitch/Projects/mafia-game/node_modules/language-subtag-registry'
156 silly reify ]
157 silly reify mark retired [ '/home/Twitch/Projects/mafia-game/node_modules/language-tags' ]
158 silly reify mark retired [ '/home/Twitch/Projects/mafia-game/node_modules/lilconfig' ]
159 silly reify mark retired [ '/home/Twitch/Projects/mafia-game/node_modules/lines-and-columns' ]
160 silly reify mark retired [ '/home/Twitch/Projects/mafia-game/node_modules/loose-envify' ]
161 silly reify mark retired [ '/home/Twitch/Projects/mafia-game/node_modules/lru-cache' ]
162 silly reify mark retired [ '/home/Twitch/Projects/mafia-game/node_modules/math-intrinsics' ]
163 silly reify mark retired [ '/home/Twitch/Projects/mafia-game/node_modules/merge2' ]
164 silly reify mark retired [ '/home/Twitch/Projects/mafia-game/node_modules/micromatch' ]
165 silly reify mark retired [ '/home/Twitch/Projects/mafia-game/node_modules/mime-db' ]
166 silly reify mark retired [ '/home/Twitch/Projects/mafia-game/node_modules/mime-types' ]
167 silly reify mark retired [ '/home/Twitch/Projects/mafia-game/node_modules/minimatch' ]
168 silly reify mark retired [ '/home/Twitch/Projects/mafia-game/node_modules/minimist' ]
169 silly reify mark retired [ '/home/Twitch/Projects/mafia-game/node_modules/minipass' ]
170 silly reify mark retired [ '/home/Twitch/Projects/mafia-game/node_modules/mz' ]
171 silly reify mark retired [ '/home/Twitch/Projects/mafia-game/node_modules/napi-postinstall' ]
172 silly reify mark retired [ '/home/Twitch/Projects/mafia-game/node_modules/next' ]
173 silly reify mark retired [ '/home/Twitch/Projects/mafia-game/node_modules/negotiator' ]
174 silly reify mark retired [ '/home/Twitch/Projects/mafia-game/node_modules/node-exports-info' ]
175 silly reify mark retired [ '/home/Twitch/Projects/mafia-game/node_modules/node-releases' ]
176 silly reify mark retired [ '/home/Twitch/Projects/mafia-game/node_modules/object-assign' ]
177 silly reify mark retired [ '/home/Twitch/Projects/mafia-game/node_modules/normalize-path' ]
178 silly reify mark retired [ '/home/Twitch/Projects/mafia-game/node_modules/object-hash' ]
179 silly reify mark retired [ '/home/Twitch/Projects/mafia-game/node_modules/object-inspect' ]
180 silly reify mark retired [ '/home/Twitch/Projects/mafia-game/node_modules/object.fromentries' ]
181 silly reify mark retired [ '/home/Twitch/Projects/mafia-game/node_modules/object.entries' ]
182 silly reify mark retired [ '/home/Twitch/Projects/mafia-game/node_modules/object.assign' ]
183 silly reify mark retired [ '/home/Twitch/Projects/mafia-game/node_modules/object-keys' ]
184 silly reify mark retired [ '/home/Twitch/Projects/mafia-game/node_modules/object.groupby' ]
185 silly reify mark retired [ '/home/Twitch/Projects/mafia-game/node_modules/object.values' ]
186 silly reify mark retired [ '/home/Twitch/Projects/mafia-game/node_modules/own-keys' ]
187 silly reify mark retired [ '/home/Twitch/Projects/mafia-game/node_modules/once' ]
188 silly reify mark retired [ '/home/Twitch/Projects/mafia-game/node_modules/path-is-absolute' ]
189 silly reify mark retired [ '/home/Twitch/Projects/mafia-game/node_modules/path-parse' ]
190 silly reify mark retired [ '/home/Twitch/Projects/mafia-game/node_modules/path-scurry' ]
191 silly reify mark retired [ '/home/Twitch/Projects/mafia-game/node_modules/path-type' ]
192 silly reify mark retired [ '/home/Twitch/Projects/mafia-game/node_modules/picomatch' ]
193 silly reify mark retired [ '/home/Twitch/Projects/mafia-game/node_modules/pirates' ]
194 silly reify mark retired [ '/home/Twitch/Projects/mafia-game/node_modules/pify' ]
195 silly reify mark retired [
195 silly reify   '/home/Twitch/Projects/mafia-game/node_modules/possible-typed-array-names'
195 silly reify ]
196 silly reify mark retired [ '/home/Twitch/Projects/mafia-game/node_modules/postcss' ]
197 silly reify mark retired [ '/home/Twitch/Projects/mafia-game/node_modules/postcss-js' ]
198 silly reify mark retired [ '/home/Twitch/Projects/mafia-game/node_modules/postcss-import' ]
199 silly reify mark retired [ '/home/Twitch/Projects/mafia-game/node_modules/postcss-nested' ]
200 silly reify mark retired [ '/home/Twitch/Projects/mafia-game/node_modules/postcss-load-config' ]
201 silly reify mark retired [
201 silly reify   '/home/Twitch/Projects/mafia-game/node_modules/postcss-selector-parser'
201 silly reify ]
202 silly reify mark retired [
202 silly reify   '/home/Twitch/Projects/mafia-game/node_modules/postcss-value-parser'
202 silly reify ]
203 silly reify mark retired [ '/home/Twitch/Projects/mafia-game/node_modules/queue-microtask' ]
204 silly reify mark retired [ '/home/Twitch/Projects/mafia-game/node_modules/prop-types' ]
205 silly reify mark retired [ '/home/Twitch/Projects/mafia-game/node_modules/react' ]
206 silly reify mark retired [ '/home/Twitch/Projects/mafia-game/node_modules/react-dom' ]
207 silly reify mark retired [ '/home/Twitch/Projects/mafia-game/node_modules/readdirp' ]
208 silly reify mark retired [ '/home/Twitch/Projects/mafia-game/node_modules/read-cache' ]
209 silly reify mark retired [ '/home/Twitch/Projects/mafia-game/node_modules/react-is' ]
210 silly reify mark retired [
210 silly reify   '/home/Twitch/Projects/mafia-game/node_modules/reflect.getprototypeof'
210 silly reify ]
211 silly reify mark retired [
211 silly reify   '/home/Twitch/Projects/mafia-game/node_modules/regexp.prototype.flags'
211 silly reify ]
212 silly reify mark retired [ '/home/Twitch/Projects/mafia-game/node_modules/resolve' ]
213 silly reify mark retired [ '/home/Twitch/Projects/mafia-game/node_modules/reusify' ]
214 silly reify mark retired [ '/home/Twitch/Projects/mafia-game/node_modules/resolve-pkg-maps' ]
215 silly reify mark retired [ '/home/Twitch/Projects/mafia-game/node_modules/safe-array-concat' ]
216 silly reify mark retired [ '/home/Twitch/Projects/mafia-game/node_modules/rimraf' ]
217 silly reify mark retired [ '/home/Twitch/Projects/mafia-game/node_modules/run-parallel' ]
218 silly reify mark retired [ '/home/Twitch/Projects/mafia-game/node_modules/safe-push-apply' ]
219 silly reify mark retired [ '/home/Twitch/Projects/mafia-game/node_modules/safe-regex-test' ]
220 silly reify mark retired [ '/home/Twitch/Projects/mafia-game/node_modules/scheduler' ]
221 silly reify mark retired [ '/home/Twitch/Projects/mafia-game/node_modules/set-function-length' ]
222 silly reify mark retired [ '/home/Twitch/Projects/mafia-game/node_modules/set-function-name' ]
223 silly reify mark retired [ '/home/Twitch/Projects/mafia-game/node_modules/set-proto' ]
224 silly reify mark retired [ '/home/Twitch/Projects/mafia-game/node_modules/side-channel' ]
225 silly reify mark retired [ '/home/Twitch/Projects/mafia-game/node_modules/side-channel-list' ]
226 silly reify mark retired [ '/home/Twitch/Projects/mafia-game/node_modules/side-channel-map' ]
227 silly reify mark retired [
227 silly reify   '/home/Twitch/Projects/mafia-game/node_modules/side-channel-weakmap'
227 silly reify ]
228 silly reify mark retired [ '/home/Twitch/Projects/mafia-game/node_modules/slash' ]
229 silly reify mark retired [ '/home/Twitch/Projects/mafia-game/node_modules/signal-exit' ]
230 silly reify mark retired [ '/home/Twitch/Projects/mafia-game/node_modules/socket.io-adapter' ]
231 silly reify mark retired [ '/home/Twitch/Projects/mafia-game/node_modules/socket.io' ]
232 silly reify mark retired [ '/home/Twitch/Projects/mafia-game/node_modules/socket.io-client' ]
233 silly reify mark retired [ '/home/Twitch/Projects/mafia-game/node_modules/socket.io-parser' ]
234 silly reify mark retired [
234 silly reify   '/home/Twitch/Projects/mafia-game/node_modules/stop-iteration-iterator'
234 silly reify ]
235 silly reify mark retired [ '/home/Twitch/Projects/mafia-game/node_modules/stable-hash' ]
236 silly reify mark retired [ '/home/Twitch/Projects/mafia-game/node_modules/streamsearch' ]
237 silly reify mark retired [ '/home/Twitch/Projects/mafia-game/node_modules/string-width-cjs' ]
238 silly reify mark retired [ '/home/Twitch/Projects/mafia-game/node_modules/string-width' ]
239 silly reify mark retired [
239 silly reify   '/home/Twitch/Projects/mafia-game/node_modules/string.prototype.includes'
239 silly reify ]
240 silly reify mark retired [
240 silly reify   '/home/Twitch/Projects/mafia-game/node_modules/string.prototype.repeat'
240 silly reify ]
241 silly reify mark retired [
241 silly reify   '/home/Twitch/Projects/mafia-game/node_modules/string.prototype.trim'
241 silly reify ]
242 silly reify mark retired [
242 silly reify   '/home/Twitch/Projects/mafia-game/node_modules/string.prototype.matchall'
242 silly reify ]
243 silly reify mark retired [
243 silly reify   '/home/Twitch/Projects/mafia-game/node_modules/string.prototype.trimstart'
243 silly reify ]
244 silly reify mark retired [ '/home/Twitch/Projects/mafia-game/node_modules/strip-ansi' ]
245 silly reify mark retired [
245 silly reify   '/home/Twitch/Projects/mafia-game/node_modules/string.prototype.trimend'
245 silly reify ]
246 silly reify mark retired [ '/home/Twitch/Projects/mafia-game/node_modules/strip-bom' ]
247 silly reify mark retired [ '/home/Twitch/Projects/mafia-game/node_modules/strip-ansi-cjs' ]
248 silly reify mark retired [ '/home/Twitch/Projects/mafia-game/node_modules/sucrase' ]
249 silly reify mark retired [ '/home/Twitch/Projects/mafia-game/node_modules/styled-jsx' ]
250 silly reify mark retired [ '/home/Twitch/Projects/mafia-game/node_modules/text-table' ]
251 silly reify mark retired [
251 silly reify   '/home/Twitch/Projects/mafia-game/node_modules/supports-preserve-symlinks-flag'
251 silly reify ]
252 silly reify mark retired [ '/home/Twitch/Projects/mafia-game/node_modules/tailwindcss' ]
253 silly reify mark retired [ '/home/Twitch/Projects/mafia-game/node_modules/thenify' ]
254 silly reify mark retired [ '/home/Twitch/Projects/mafia-game/node_modules/tinyglobby' ]
255 silly reify mark retired [ '/home/Twitch/Projects/mafia-game/node_modules/thenify-all' ]
256 silly reify mark retired [ '/home/Twitch/Projects/mafia-game/node_modules/ts-api-utils' ]
257 silly reify mark retired [ '/home/Twitch/Projects/mafia-game/node_modules/to-regex-range' ]
258 silly reify mark retired [
258 silly reify   '/home/Twitch/Projects/mafia-game/node_modules/ts-interface-checker'
258 silly reify ]
259 silly reify mark retired [ '/home/Twitch/Projects/mafia-game/node_modules/tsconfig-paths' ]
260 silly reify mark retired [ '/home/Twitch/Projects/mafia-game/node_modules/type-fest' ]
261 silly reify mark retired [ '/home/Twitch/Projects/mafia-game/node_modules/typed-array-buffer' ]
262 silly reify mark retired [
262 silly reify   '/home/Twitch/Projects/mafia-game/node_modules/typed-array-byte-length'
262 silly reify ]
263 silly reify mark retired [
263 silly reify   '/home/Twitch/Projects/mafia-game/node_modules/typed-array-byte-offset'
263 silly reify ]
264 silly reify mark retired [ '/home/Twitch/Projects/mafia-game/node_modules/typed-array-length' ]
265 silly reify mark retired [ '/home/Twitch/Projects/mafia-game/node_modules/typescript' ]
266 silly reify mark retired [ '/home/Twitch/Projects/mafia-game/node_modules/unbox-primitive' ]
267 silly reify mark retired [ '/home/Twitch/Projects/mafia-game/node_modules/undici-types' ]
268 silly reify mark retired [ '/home/Twitch/Projects/mafia-game/node_modules/unrs-resolver' ]
269 silly reify mark retired [ '/home/Twitch/Projects/mafia-game/node_modules/util-deprecate' ]
270 silly reify mark retired [ '/home/Twitch/Projects/mafia-game/node_modules/uuid' ]
271 silly reify mark retired [ '/home/Twitch/Projects/mafia-game/node_modules/vary' ]
272 silly reify mark retired [
272 silly reify   '/home/Twitch/Projects/mafia-game/node_modules/which-boxed-primitive'
272 silly reify ]
273 silly reify mark retired [ '/home/Twitch/Projects/mafia-game/node_modules/which-builtin-type' ]
274 silly reify mark retired [ '/home/Twitch/Projects/mafia-game/node_modules/which-collection' ]
275 silly reify mark retired [ '/home/Twitch/Projects/mafia-game/node_modules/which-typed-array' ]
276 silly reify mark retired [ '/home/Twitch/Projects/mafia-game/node_modules/wrap-ansi' ]
277 silly reify mark retired [ '/home/Twitch/Projects/mafia-game/node_modules/wrap-ansi-cjs' ]
278 silly reify mark retired [ '/home/Twitch/Projects/mafia-game/node_modules/wrappy' ]
279 silly reify mark retired [ '/home/Twitch/Projects/mafia-game/node_modules/ws' ]
280 silly reify mark retired [ '/home/Twitch/Projects/mafia-game/node_modules/xmlhttprequest-ssl' ]
281 silly reify mark retired [ '/home/Twitch/Projects/mafia-game/node_modules/@alloc/quick-lru' ]
282 silly reify mark retired [ '/home/Twitch/Projects/mafia-game/node_modules/@emnapi/core' ]
283 silly reify mark retired [ '/home/Twitch/Projects/mafia-game/node_modules/@emnapi/runtime' ]
284 silly reify mark retired [
284 silly reify   '/home/Twitch/Projects/mafia-game/node_modules/@emnapi/wasi-threads'
284 silly reify ]
285 silly reify mark retired [ '/home/Twitch/Projects/mafia-game/node_modules/@eslint/eslintrc' ]
286 silly reify mark retired [ '/home/Twitch/Projects/mafia-game/node_modules/@eslint/js' ]
287 silly reify mark retired [
287 silly reify   '/home/Twitch/Projects/mafia-game/node_modules/@humanwhocodes/config-array'
287 silly reify ]
288 silly reify mark retired [
288 silly reify   '/home/Twitch/Projects/mafia-game/node_modules/@humanwhocodes/object-schema'
288 silly reify ]
289 silly reify mark retired [ '/home/Twitch/Projects/mafia-game/node_modules/@isaacs/cliui' ]
290 silly reify mark retired [
290 silly reify   '/home/Twitch/Projects/mafia-game/node_modules/@napi-rs/wasm-runtime'
290 silly reify ]
291 silly reify mark retired [ '/home/Twitch/Projects/mafia-game/node_modules/@next/env' ]
292 silly reify mark retired [
292 silly reify   '/home/Twitch/Projects/mafia-game/node_modules/@next/eslint-plugin-next'
292 silly reify ]
293 silly reify mark retired [
293 silly reify   '/home/Twitch/Projects/mafia-game/node_modules/@next/swc-darwin-arm64'
293 silly reify ]
294 silly reify mark retired [
294 silly reify   '/home/Twitch/Projects/mafia-game/node_modules/@next/swc-darwin-x64'
294 silly reify ]
295 silly reify mark retired [
295 silly reify   '/home/Twitch/Projects/mafia-game/node_modules/@next/swc-linux-arm64-gnu'
295 silly reify ]
296 silly reify mark retired [
296 silly reify   '/home/Twitch/Projects/mafia-game/node_modules/@next/swc-linux-arm64-musl'
296 silly reify ]
297 silly reify mark retired [
297 silly reify   '/home/Twitch/Projects/mafia-game/node_modules/@next/swc-linux-x64-gnu'
297 silly reify ]
298 silly reify mark retired [
298 silly reify   '/home/Twitch/Projects/mafia-game/node_modules/@next/swc-linux-x64-musl'
298 silly reify ]
299 silly reify mark retired [
299 silly reify   '/home/Twitch/Projects/mafia-game/node_modules/@next/swc-win32-arm64-msvc'
299 silly reify ]
300 silly reify mark retired [
300 silly reify   '/home/Twitch/Projects/mafia-game/node_modules/@next/swc-win32-ia32-msvc'
300 silly reify ]
301 silly reify mark retired [
301 silly reify   '/home/Twitch/Projects/mafia-game/node_modules/@next/swc-win32-x64-msvc'
301 silly reify ]
302 silly reify mark retired [ '/home/Twitch/Projects/mafia-game/node_modules/@nodelib/fs.scandir' ]
303 silly reify mark retired [ '/home/Twitch/Projects/mafia-game/node_modules/@nodelib/fs.stat' ]
304 silly reify mark retired [ '/home/Twitch/Projects/mafia-game/node_modules/@nodelib/fs.walk' ]
305 silly reify mark retired [
305 silly reify   '/home/Twitch/Projects/mafia-game/node_modules/@nolyfill/is-core-module'
305 silly reify ]
306 silly reify mark retired [ '/home/Twitch/Projects/mafia-game/node_modules/@pkgjs/parseargs' ]
307 silly reify mark retired [ '/home/Twitch/Projects/mafia-game/node_modules/@rtsao/scc' ]
308 silly reify mark retired [
308 silly reify   '/home/Twitch/Projects/mafia-game/node_modules/@rushstack/eslint-patch'
308 silly reify ]
309 silly reify mark retired [
309 silly reify   '/home/Twitch/Projects/mafia-game/node_modules/@socket.io/component-emitter'
309 silly reify ]
310 silly reify mark retired [ '/home/Twitch/Projects/mafia-game/node_modules/@swc/counter' ]
311 silly reify mark retired [ '/home/Twitch/Projects/mafia-game/node_modules/@swc/helpers' ]
312 silly reify mark retired [ '/home/Twitch/Projects/mafia-game/node_modules/@types/cors' ]
313 silly reify mark retired [ '/home/Twitch/Projects/mafia-game/node_modules/@types/json5' ]
314 silly reify mark retired [ '/home/Twitch/Projects/mafia-game/node_modules/@types/node' ]
315 silly reify mark retired [ '/home/Twitch/Projects/mafia-game/node_modules/@types/prop-types' ]
316 silly reify mark retired [ '/home/Twitch/Projects/mafia-game/node_modules/@types/react-dom' ]
317 silly reify mark retired [ '/home/Twitch/Projects/mafia-game/node_modules/@types/react' ]
318 silly reify mark retired [ '/home/Twitch/Projects/mafia-game/node_modules/@types/semver' ]
319 silly reify mark retired [ '/home/Twitch/Projects/mafia-game/node_modules/@types/uuid' ]
320 silly reify mark retired [
320 silly reify   '/home/Twitch/Projects/mafia-game/node_modules/@typescript-eslint/eslint-plugin'
320 silly reify ]
321 silly reify mark retired [
321 silly reify   '/home/Twitch/Projects/mafia-game/node_modules/@typescript-eslint/parser'
321 silly reify ]
322 silly reify mark retired [
322 silly reify   '/home/Twitch/Projects/mafia-game/node_modules/@typescript-eslint/scope-manager'
322 silly reify ]
323 silly reify mark retired [
323 silly reify   '/home/Twitch/Projects/mafia-game/node_modules/@typescript-eslint/type-utils'
323 silly reify ]
324 silly reify mark retired [
324 silly reify   '/home/Twitch/Projects/mafia-game/node_modules/@typescript-eslint/types'
324 silly reify ]
325 silly reify mark retired [
325 silly reify   '/home/Twitch/Projects/mafia-game/node_modules/@typescript-eslint/typescript-estree'
325 silly reify ]
326 silly reify mark retired [
326 silly reify   '/home/Twitch/Projects/mafia-game/node_modules/@typescript-eslint/utils'
326 silly reify ]
327 silly reify mark retired [
327 silly reify   '/home/Twitch/Projects/mafia-game/node_modules/@typescript-eslint/visitor-keys'
327 silly reify ]
328 silly reify mark retired [
328 silly reify   '/home/Twitch/Projects/mafia-game/node_modules/@ungap/structured-clone'
328 silly reify ]
329 silly reify mark retired [
329 silly reify   '/home/Twitch/Projects/mafia-game/node_modules/@unrs/resolver-binding-android-arm-eabi'
329 silly reify ]
330 silly reify mark retired [
330 silly reify   '/home/Twitch/Projects/mafia-game/node_modules/@unrs/resolver-binding-darwin-arm64'
330 silly reify ]
331 silly reify mark retired [
331 silly reify   '/home/Twitch/Projects/mafia-game/node_modules/@unrs/resolver-binding-darwin-x64'
331 silly reify ]
332 silly reify mark retired [
332 silly reify   '/home/Twitch/Projects/mafia-game/node_modules/@unrs/resolver-binding-freebsd-x64'
332 silly reify ]
333 silly reify mark retired [
333 silly reify   '/home/Twitch/Projects/mafia-game/node_modules/@unrs/resolver-binding-linux-arm-gnueabihf'
333 silly reify ]
334 silly reify mark retired [
334 silly reify   '/home/Twitch/Projects/mafia-game/node_modules/@unrs/resolver-binding-linux-arm-musleabihf'
334 silly reify ]
335 silly reify mark retired [
335 silly reify   '/home/Twitch/Projects/mafia-game/node_modules/@unrs/resolver-binding-linux-arm64-gnu'
335 silly reify ]
336 silly reify mark retired [
336 silly reify   '/home/Twitch/Projects/mafia-game/node_modules/@unrs/resolver-binding-linux-arm64-musl'
336 silly reify ]
337 silly reify mark retired [
337 silly reify   '/home/Twitch/Projects/mafia-game/node_modules/@unrs/resolver-binding-linux-ppc64-gnu'
337 silly reify ]
338 silly reify mark retired [
338 silly reify   '/home/Twitch/Projects/mafia-game/node_modules/@unrs/resolver-binding-linux-riscv64-gnu'
338 silly reify ]
339 silly reify mark retired [
339 silly reify   '/home/Twitch/Projects/mafia-game/node_modules/@unrs/resolver-binding-linux-riscv64-musl'
339 silly reify ]
340 silly reify mark retired [
340 silly reify   '/home/Twitch/Projects/mafia-game/node_modules/@unrs/resolver-binding-linux-s390x-gnu'
340 silly reify ]
341 silly reify mark retired [
341 silly reify   '/home/Twitch/Projects/mafia-game/node_modules/@unrs/resolver-binding-linux-x64-gnu'
341 silly reify ]
342 silly reify mark retired [
342 silly reify   '/home/Twitch/Projects/mafia-game/node_modules/@unrs/resolver-binding-linux-x64-musl'
342 silly reify ]
343 silly reify mark retired [
343 silly reify   '/home/Twitch/Projects/mafia-game/node_modules/@unrs/resolver-binding-wasm32-wasi'
343 silly reify ]
344 silly reify mark retired [
344 silly reify   '/home/Twitch/Projects/mafia-game/node_modules/@unrs/resolver-binding-win32-arm64-msvc'
344 silly reify ]
345 silly reify mark retired [
345 silly reify   '/home/Twitch/Projects/mafia-game/node_modules/@unrs/resolver-binding-win32-ia32-msvc'
345 silly reify ]
346 silly reify mark retired [
346 silly reify   '/home/Twitch/Projects/mafia-game/node_modules/@unrs/resolver-binding-win32-x64-msvc'
346 silly reify ]
347 silly reify mark retired [
347 silly reify   '/home/Twitch/Projects/mafia-game/node_modules/@unrs/resolver-binding-android-arm64'
347 silly reify ]
348 silly reify mark retired [
348 silly reify   '/home/Twitch/Projects/mafia-game/node_modules/acorn',
348 silly reify   '/home/Twitch/Projects/mafia-game/node_modules/.bin/acorn'
348 silly reify ]
349 silly reify mark retired [
349 silly reify   '/home/Twitch/Projects/mafia-game/node_modules/js-yaml',
349 silly reify   '/home/Twitch/Projects/mafia-game/node_modules/.bin/js-yaml'
349 silly reify ]
350 silly reify mark retired [
350 silly reify   '/home/Twitch/Projects/mafia-game/node_modules/nanoid',
350 silly reify   '/home/Twitch/Projects/mafia-game/node_modules/.bin/nanoid'
350 silly reify ]
351 silly reify mark retired [
351 silly reify   '/home/Twitch/Projects/mafia-game/node_modules/semver',
351 silly reify   '/home/Twitch/Projects/mafia-game/node_modules/.bin/semver'
351 silly reify ]
352 silly reify mark retired [
352 silly reify   '/home/Twitch/Projects/mafia-game/node_modules/update-browserslist-db',
352 silly reify   '/home/Twitch/Projects/mafia-game/node_modules/.bin/update-browserslist-db'
352 silly reify ]
353 silly reify mark retired [
353 silly reify   '/home/Twitch/Projects/mafia-game/node_modules/which',
353 silly reify   '/home/Twitch/Projects/mafia-game/node_modules/.bin/node-which'
353 silly reify ]
354 silly reify moves {
354 silly reify   '/home/Twitch/Projects/mafia-game/node_modules/accepts': '/home/Twitch/Projects/mafia-game/node_modules/.accepts-PIMTXqOx',
354 silly reify   '/home/Twitch/Projects/mafia-game/node_modules/ansi-regex': '/home/Twitch/Projects/mafia-game/node_modules/.ansi-regex-V0xtgW5w',
354 silly reify   '/home/Twitch/Projects/mafia-game/node_modules/any-promise': '/home/Twitch/Projects/mafia-game/node_modules/.any-promise-Qo0RoLM0',
354 silly reify   '/home/Twitch/Projects/mafia-game/node_modules/anymatch': '/home/Twitch/Projects/mafia-game/node_modules/.anymatch-jcc8NqTN',
354 silly reify   '/home/Twitch/Projects/mafia-game/node_modules/arg': '/home/Twitch/Projects/mafia-game/node_modules/.arg-wYEVTAx3',
354 silly reify   '/home/Twitch/Projects/mafia-game/node_modules/aria-query': '/home/Twitch/Projects/mafia-game/node_modules/.aria-query-vEypF1ZU',
354 silly reify   '/home/Twitch/Projects/mafia-game/node_modules/array-buffer-byte-length': '/home/Twitch/Projects/mafia-game/node_modules/.array-buffer-byte-length-IebmLPVb',
354 silly reify   '/home/Twitch/Projects/mafia-game/node_modules/array-includes': '/home/Twitch/Projects/mafia-game/node_modules/.array-includes-1EerdDMq',
354 silly reify   '/home/Twitch/Projects/mafia-game/node_modules/array-union': '/home/Twitch/Projects/mafia-game/node_modules/.array-union-ymIWQe5R',
354 silly reify   '/home/Twitch/Projects/mafia-game/node_modules/array.prototype.findlast': '/home/Twitch/Projects/mafia-game/node_modules/.array.prototype.findlast-PWBItKSs',
354 silly reify   '/home/Twitch/Projects/mafia-game/node_modules/array.prototype.findlastindex': '/home/Twitch/Projects/mafia-game/node_modules/.array.prototype.findlastindex-SIWgy30v',
354 silly reify   '/home/Twitch/Projects/mafia-game/node_modules/array.prototype.flat': '/home/Twitch/Projects/mafia-game/node_modules/.array.prototype.flat-XyNsPOrV',
354 silly reify   '/home/Twitch/Projects/mafia-game/node_modules/array.prototype.flatmap': '/home/Twitch/Projects/mafia-game/node_modules/.array.prototype.flatmap-c8o2oBKm',
354 silly reify   '/home/Twitch/Projects/mafia-game/node_modules/array.prototype.tosorted': '/home/Twitch/Projects/mafia-game/node_modules/.array.prototype.tosorted-CZpnKVg7',
354 silly reify   '/home/Twitch/Projects/mafia-game/node_modules/arraybuffer.prototype.slice': '/home/Twitch/Projects/mafia-game/node_modules/.arraybuffer.prototype.slice-ui3DuCKt',
354 silly reify   '/home/Twitch/Projects/mafia-game/node_modules/ast-types-flow': '/home/Twitch/Projects/mafia-game/node_modules/.ast-types-flow-DHKAgZAg',
354 silly reify   '/home/Twitch/Projects/mafia-game/node_modules/async-function': '/home/Twitch/Projects/mafia-game/node_modules/.async-function-IZWHwD2P',
354 silly reify   '/home/Twitch/Projects/mafia-game/node_modules/autoprefixer': '/home/Twitch/Projects/mafia-game/node_modules/.autoprefixer-Kcn4A1Uo',
354 silly reify   '/home/Twitch/Projects/mafia-game/node_modules/available-typed-arrays': '/home/Twitch/Projects/mafia-game/node_modules/.available-typed-arrays-sbvnoxkw',
354 silly reify   '/home/Twitch/Projects/mafia-game/node_modules/axe-core': '/home/Twitch/Projects/mafia-game/node_modules/.axe-core-6p5My9Sf',
354 silly reify   '/home/Twitch/Projects/mafia-game/node_modules/axobject-query': '/home/Twitch/Projects/mafia-game/node_modules/.axobject-query-ePUKmeR0',
354 silly reify   '/home/Twitch/Projects/mafia-game/node_modules/base64id': '/home/Twitch/Projects/mafia-game/node_modules/.base64id-5o4LpA8d',
354 silly reify   '/home/Twitch/Projects/mafia-game/node_modules/baseline-browser-mapping': '/home/Twitch/Projects/mafia-game/node_modules/.baseline-browser-mapping-XM1gFmCT',
354 silly reify   '/home/Twitch/Projects/mafia-game/node_modules/binary-extensions': '/home/Twitch/Projects/mafia-game/node_modules/.binary-extensions-afppLnLF',
354 silly reify   '/home/Twitch/Projects/mafia-game/node_modules/brace-expansion': '/home/Twitch/Projects/mafia-game/node_modules/.brace-expansion-AT3kpA23',
354 silly reify   '/home/Twitch/Projects/mafia-game/node_modules/braces': '/home/Twitch/Projects/mafia-game/node_modules/.braces-bWygKTBd',
354 silly reify   '/home/Twitch/Projects/mafia-game/node_modules/browserslist': '/home/Twitch/Projects/mafia-game/node_modules/.browserslist-xtCFBUBv',
354 silly reify   '/home/Twitch/Projects/mafia-game/node_modules/busboy': '/home/Twitch/Projects/mafia-game/node_modules/.busboy-tEmWlRUf',
354 silly reify   '/home/Twitch/Projects/mafia-game/node_modules/call-bind': '/home/Twitch/Projects/mafia-game/node_modules/.call-bind-seZKaxmE',
354 silly reify   '/home/Twitch/Projects/mafia-game/node_modules/call-bind-apply-helpers': '/home/Twitch/Projects/mafia-game/node_modules/.call-bind-apply-helpers-pgXKNDyz',
354 silly reify   '/home/Twitch/Projects/mafia-game/node_modules/call-bound': '/home/Twitch/Projects/mafia-game/node_modules/.call-bound-pmMwPwMy',
354 silly reify   '/home/Twitch/Projects/mafia-game/node_modules/camelcase-css': '/home/Twitch/Projects/mafia-game/node_modules/.camelcase-css-lSu54u02',
354 silly reify   '/home/Twitch/Projects/mafia-game/node_modules/caniuse-lite': '/home/Twitch/Projects/mafia-game/node_modules/.caniuse-lite-0nplqAMY',
354 silly reify   '/home/Twitch/Projects/mafia-game/node_modules/chokidar': '/home/Twitch/Projects/mafia-game/node_modules/.chokidar-zH4vlQ73',
354 silly reify   '/home/Twitch/Projects/mafia-game/node_modules/client-only': '/home/Twitch/Projects/mafia-game/node_modules/.client-only-0shDFdj2',
354 silly reify   '/home/Twitch/Projects/mafia-game/node_modules/commander': '/home/Twitch/Projects/mafia-game/node_modules/.commander-1ZNr3mdT',
354 silly reify   '/home/Twitch/Projects/mafia-game/node_modules/cookie': '/home/Twitch/Projects/mafia-game/node_modules/.cookie-Z4FDfTKM',
354 silly reify   '/home/Twitch/Projects/mafia-game/node_modules/cors': '/home/Twitch/Projects/mafia-game/node_modules/.cors-mF2LUG7b',
354 silly reify   '/home/Twitch/Projects/mafia-game/node_modules/cssesc': '/home/Twitch/Projects/mafia-game/node_modules/.cssesc-PlsLJOr9',
354 silly reify   '/home/Twitch/Projects/mafia-game/node_modules/damerau-levenshtein': '/home/Twitch/Projects/mafia-game/node_modules/.damerau-levenshtein-KoW4uUAY',
354 silly reify   '/home/Twitch/Projects/mafia-game/node_modules/data-view-buffer': '/home/Twitch/Projects/mafia-game/node_modules/.data-view-buffer-E1IBqj0B',
354 silly reify   '/home/Twitch/Projects/mafia-game/node_modules/data-view-byte-length': '/home/Twitch/Projects/mafia-game/node_modules/.data-view-byte-length-O6YMUWnB',
354 silly reify   '/home/Twitch/Projects/mafia-game/node_modules/data-view-byte-offset': '/home/Twitch/Projects/mafia-game/node_modules/.data-view-byte-offset-hKAF7UNh',
354 silly reify   '/home/Twitch/Projects/mafia-game/node_modules/define-data-property': '/home/Twitch/Projects/mafia-game/node_modules/.define-data-property-xhk2Y4cr',
354 silly reify   '/home/Twitch/Projects/mafia-game/node_modules/define-properties': '/home/Twitch/Projects/mafia-game/node_modules/.define-properties-Rb3SdzNc',
354 silly reify   '/home/Twitch/Projects/mafia-game/node_modules/didyoumean': '/home/Twitch/Projects/mafia-game/node_modules/.didyoumean-2DiSZn0B',
354 silly reify   '/home/Twitch/Projects/mafia-game/node_modules/dir-glob': '/home/Twitch/Projects/mafia-game/node_modules/.dir-glob-QfoyR3Qi',
354 silly reify   '/home/Twitch/Projects/mafia-game/node_modules/dlv': '/home/Twitch/Projects/mafia-game/node_modules/.dlv-HVYykZUH',
354 silly reify   '/home/Twitch/Projects/mafia-game/node_modules/doctrine': '/home/Twitch/Projects/mafia-game/node_modules/.doctrine-YyOeXN9y',
354 silly reify   '/home/Twitch/Projects/mafia-game/node_modules/dunder-proto': '/home/Twitch/Projects/mafia-game/node_modules/.dunder-proto-Cq27rxC0',
354 silly reify   '/home/Twitch/Projects/mafia-game/node_modules/eastasianwidth': '/home/Twitch/Projects/mafia-game/node_modules/.eastasianwidth-EJe4gaj1',
354 silly reify   '/home/Twitch/Projects/mafia-game/node_modules/electron-to-chromium': '/home/Twitch/Projects/mafia-game/node_modules/.electron-to-chromium-us5Abcf8',
354 silly reify   '/home/Twitch/Projects/mafia-game/node_modules/emoji-regex': '/home/Twitch/Projects/mafia-game/node_modules/.emoji-regex-rhS2LWRS',
354 silly reify   '/home/Twitch/Projects/mafia-game/node_modules/engine.io': '/home/Twitch/Projects/mafia-game/node_modules/.engine.io-waoxymnU',
354 silly reify   '/home/Twitch/Projects/mafia-game/node_modules/engine.io-client': '/home/Twitch/Projects/mafia-game/node_modules/.engine.io-client-PNKW3oKC',
354 silly reify   '/home/Twitch/Projects/mafia-game/node_modules/engine.io-parser': '/home/Twitch/Projects/mafia-game/node_modules/.engine.io-parser-VUv1qlyO',
354 silly reify   '/home/Twitch/Projects/mafia-game/node_modules/es-abstract': '/home/Twitch/Projects/mafia-game/node_modules/.es-abstract-sp2WGNP7',
354 silly reify   '/home/Twitch/Projects/mafia-game/node_modules/es-define-property': '/home/Twitch/Projects/mafia-game/node_modules/.es-define-property-qLU1X25o',
354 silly reify   '/home/Twitch/Projects/mafia-game/node_modules/es-errors': '/home/Twitch/Projects/mafia-game/node_modules/.es-errors-sWh8k7uW',
354 silly reify   '/home/Twitch/Projects/mafia-game/node_modules/es-iterator-helpers': '/home/Twitch/Projects/mafia-game/node_modules/.es-iterator-helpers-wsD1f9MX',
354 silly reify   '/home/Twitch/Projects/mafia-game/node_modules/es-object-atoms': '/home/Twitch/Projects/mafia-game/node_modules/.es-object-atoms-KdFBFTt9',
354 silly reify   '/home/Twitch/Projects/mafia-game/node_modules/es-set-tostringtag': '/home/Twitch/Projects/mafia-game/node_modules/.es-set-tostringtag-df29jzZf',
354 silly reify   '/home/Twitch/Projects/mafia-game/node_modules/es-shim-unscopables': '/home/Twitch/Projects/mafia-game/node_modules/.es-shim-unscopables-J3jgTcoS',
354 silly reify   '/home/Twitch/Projects/mafia-game/node_modules/es-to-primitive': '/home/Twitch/Projects/mafia-game/node_modules/.es-to-primitive-gePNGkF6',
354 silly reify   '/home/Twitch/Projects/mafia-game/node_modules/eslint': '/home/Twitch/Projects/mafia-game/node_modules/.eslint-qyJF0SDM',
354 silly reify   '/home/Twitch/Projects/mafia-game/node_modules/eslint-config-next': '/home/Twitch/Projects/mafia-game/node_modules/.eslint-config-next-K2PJ7iCT',
354 silly reify   '/home/Twitch/Projects/mafia-game/node_modules/eslint-import-resolver-node': '/home/Twitch/Projects/mafia-game/node_modules/.eslint-import-resolver-node-Bm2hsdet',
354 silly reify   '/home/Twitch/Projects/mafia-game/node_modules/eslint-module-utils': '/home/Twitch/Projects/mafia-game/node_modules/.eslint-module-utils-WJmlijI2',
354 silly reify   '/home/Twitch/Projects/mafia-game/node_modules/eslint-plugin-import': '/home/Twitch/Projects/mafia-game/node_modules/.eslint-plugin-import-tIF65Aua',
354 silly reify   '/home/Twitch/Projects/mafia-game/node_modules/eslint-plugin-jsx-a11y': '/home/Twitch/Projects/mafia-game/node_modules/.eslint-plugin-jsx-a11y-6Twqh5lt',
354 silly reify   '/home/Twitch/Projects/mafia-game/node_modules/eslint-plugin-react': '/home/Twitch/Projects/mafia-game/node_modules/.eslint-plugin-react-fMqw6J5c',
354 silly reify   '/home/Twitch/Projects/mafia-game/node_modules/eslint-plugin-react-hooks': '/home/Twitch/Projects/mafia-game/node_modules/.eslint-plugin-react-hooks-3Gcmsejf',
354 silly reify   '/home/Twitch/Projects/mafia-game/node_modules/eslint-scope': '/home/Twitch/Projects/mafia-game/node_modules/.eslint-scope-NSNzWqDP',
354 silly reify   '/home/Twitch/Projects/mafia-game/node_modules/espree': '/home/Twitch/Projects/mafia-game/node_modules/.espree-hK5eLdGZ',
354 silly reify   '/home/Twitch/Projects/mafia-game/node_modules/fast-glob': '/home/Twitch/Projects/mafia-game/node_modules/.fast-glob-NDfe4gyx',
354 silly reify   '/home/Twitch/Projects/mafia-game/node_modules/fastq': '/home/Twitch/Projects/mafia-game/node_modules/.fastq-O674F3gf',
354 silly reify   '/home/Twitch/Projects/mafia-game/node_modules/file-entry-cache': '/home/Twitch/Projects/mafia-game/node_modules/.file-entry-cache-Z9HWIiFs',
354 silly reify   '/home/Twitch/Projects/mafia-game/node_modules/fill-range': '/home/Twitch/Projects/mafia-game/node_modules/.fill-range-sKIBJOEl',
354 silly reify   '/home/Twitch/Projects/mafia-game/node_modules/flat-cache': '/home/Twitch/Projects/mafia-game/node_modules/.flat-cache-XbmcUAAi',
354 silly reify   '/home/Twitch/Projects/mafia-game/node_modules/flatted': '/home/Twitch/Projects/mafia-game/node_modules/.flatted-yz6EJCaE',
354 silly reify   '/home/Twitch/Projects/mafia-game/node_modules/for-each': '/home/Twitch/Projects/mafia-game/node_modules/.for-each-MP9dxiSq',
354 silly reify   '/home/Twitch/Projects/mafia-game/node_modules/foreground-child': '/home/Twitch/Projects/mafia-game/node_modules/.foreground-child-mZBiDukc',
354 silly reify   '/home/Twitch/Projects/mafia-game/node_modules/fraction.js': '/home/Twitch/Projects/mafia-game/node_modules/.fraction.js-15kw6dxn',
354 silly reify   '/home/Twitch/Projects/mafia-game/node_modules/fs.realpath': '/home/Twitch/Projects/mafia-game/node_modules/.fs.realpath-0qmhIBWi',
354 silly reify   '/home/Twitch/Projects/mafia-game/node_modules/fsevents': '/home/Twitch/Projects/mafia-game/node_modules/.fsevents-tt2y1QUV',
354 silly reify   '/home/Twitch/Projects/mafia-game/node_modules/function-bind': '/home/Twitch/Projects/mafia-game/node_modules/.function-bind-gHFMExcB',
354 silly reify   '/home/Twitch/Projects/mafia-game/node_modules/function.prototype.name': '/home/Twitch/Projects/mafia-game/node_modules/.function.prototype.name-3MNF90xX',
354 silly reify   '/home/Twitch/Projects/mafia-game/node_modules/functions-have-names': '/home/Twitch/Projects/mafia-game/node_modules/.functions-have-names-3RsCKBQs',
354 silly reify   '/home/Twitch/Projects/mafia-game/node_modules/generator-function': '/home/Twitch/Projects/mafia-game/node_modules/.generator-function-5O4uxLE4',
354 silly reify   '/home/Twitch/Projects/mafia-game/node_modules/get-intrinsic': '/home/Twitch/Projects/mafia-game/node_modules/.get-intrinsic-kJnjxd6Z',
354 silly reify   '/home/Twitch/Projects/mafia-game/node_modules/get-proto': '/home/Twitch/Projects/mafia-game/node_modules/.get-proto-lhnRNwTF',
354 silly reify   '/home/Twitch/Projects/mafia-game/node_modules/get-symbol-description': '/home/Twitch/Projects/mafia-game/node_modules/.get-symbol-description-a2q7NZG6',
354 silly reify   '/home/Twitch/Projects/mafia-game/node_modules/get-tsconfig': '/home/Twitch/Projects/mafia-game/node_modules/.get-tsconfig-Ax8841Uv',
354 silly reify   '/home/Twitch/Projects/mafia-game/node_modules/glob': '/home/Twitch/Projects/mafia-game/node_modules/.glob-LLkqzWQO',
354 silly reify   '/home/Twitch/Projects/mafia-game/node_modules/globals': '/home/Twitch/Projects/mafia-game/node_modules/.globals-wC7Ij2MX',
354 silly reify   '/home/Twitch/Projects/mafia-game/node_modules/globalthis': '/home/Twitch/Projects/mafia-game/node_modules/.globalthis-V4vSJrTZ',
354 silly reify   '/home/Twitch/Projects/mafia-game/node_modules/globby': '/home/Twitch/Projects/mafia-game/node_modules/.globby-5Tf6dVjg',
354 silly reify   '/home/Twitch/Projects/mafia-game/node_modules/gopd': '/home/Twitch/Projects/mafia-game/node_modules/.gopd-ZdDLPJ45',
354 silly reify   '/home/Twitch/Projects/mafia-game/node_modules/graceful-fs': '/home/Twitch/Projects/mafia-game/node_modules/.graceful-fs-sqyNPT2u',
354 silly reify   '/home/Twitch/Projects/mafia-game/node_modules/graphemer': '/home/Twitch/Projects/mafia-game/node_modules/.graphemer-FKmbz3Fy',
354 silly reify   '/home/Twitch/Projects/mafia-game/node_modules/has-bigints': '/home/Twitch/Projects/mafia-game/node_modules/.has-bigints-xs8RFsqX',
354 silly reify   '/home/Twitch/Projects/mafia-game/node_modules/has-property-descriptors': '/home/Twitch/Projects/mafia-game/node_modules/.has-property-descriptors-ZoH2p89a',
354 silly reify   '/home/Twitch/Projects/mafia-game/node_modules/has-proto': '/home/Twitch/Projects/mafia-game/node_modules/.has-proto-XvH8cRaX',
354 silly reify   '/home/Twitch/Projects/mafia-game/node_modules/has-symbols': '/home/Twitch/Projects/mafia-game/node_modules/.has-symbols-HR3ElaXh',
354 silly reify   '/home/Twitch/Projects/mafia-game/node_modules/has-tostringtag': '/home/Twitch/Projects/mafia-game/node_modules/.has-tostringtag-j2uk2ECu',
354 silly reify   '/home/Twitch/Projects/mafia-game/node_modules/hasown': '/home/Twitch/Projects/mafia-game/node_modules/.hasown-dbuRExj2',
354 silly reify   '/home/Twitch/Projects/mafia-game/node_modules/inflight': '/home/Twitch/Projects/mafia-game/node_modules/.inflight-bxjDwWZA',
354 silly reify   '/home/Twitch/Projects/mafia-game/node_modules/inherits': '/home/Twitch/Projects/mafia-game/node_modules/.inherits-bqkryQYW',
354 silly reify   '/home/Twitch/Projects/mafia-game/node_modules/internal-slot': '/home/Twitch/Projects/mafia-game/node_modules/.internal-slot-h37SxVSf',
354 silly reify   '/home/Twitch/Projects/mafia-game/node_modules/is-array-buffer': '/home/Twitch/Projects/mafia-game/node_modules/.is-array-buffer-9ri6t8pU',
354 silly reify   '/home/Twitch/Projects/mafia-game/node_modules/is-async-function': '/home/Twitch/Projects/mafia-game/node_modules/.is-async-function-HNnCA1vt',
354 silly reify   '/home/Twitch/Projects/mafia-game/node_modules/is-bigint': '/home/Twitch/Projects/mafia-game/node_modules/.is-bigint-bRgFG7IL',
354 silly reify   '/home/Twitch/Projects/mafia-game/node_modules/is-binary-path': '/home/Twitch/Projects/mafia-game/node_modules/.is-binary-path-08Mhz95h',
354 silly reify   '/home/Twitch/Projects/mafia-game/node_modules/is-boolean-object': '/home/Twitch/Projects/mafia-game/node_modules/.is-boolean-object-NcSBUFtA',
354 silly reify   '/home/Twitch/Projects/mafia-game/node_modules/is-bun-module': '/home/Twitch/Projects/mafia-game/node_modules/.is-bun-module-vdKtNU7u',
354 silly reify   '/home/Twitch/Projects/mafia-game/node_modules/is-callable': '/home/Twitch/Projects/mafia-game/node_modules/.is-callable-4Vf22pnb',
354 silly reify   '/home/Twitch/Projects/mafia-game/node_modules/is-core-module': '/home/Twitch/Projects/mafia-game/node_modules/.is-core-module-2J4Q1Goc',
354 silly reify   '/home/Twitch/Projects/mafia-game/node_modules/is-data-view': '/home/Twitch/Projects/mafia-game/node_modules/.is-data-view-EsrLYmd2',
354 silly reify   '/home/Twitch/Projects/mafia-game/node_modules/is-date-object': '/home/Twitch/Projects/mafia-game/node_modules/.is-date-object-GOVcmbjo',
354 silly reify   '/home/Twitch/Projects/mafia-game/node_modules/is-finalizationregistry': '/home/Twitch/Projects/mafia-game/node_modules/.is-finalizationregistry-LqJxGphv',
354 silly reify   '/home/Twitch/Projects/mafia-game/node_modules/is-fullwidth-code-point': '/home/Twitch/Projects/mafia-game/node_modules/.is-fullwidth-code-point-rPtCI9SQ',
354 silly reify   '/home/Twitch/Projects/mafia-game/node_modules/is-generator-function': '/home/Twitch/Projects/mafia-game/node_modules/.is-generator-function-6Huk993z',
354 silly reify   '/home/Twitch/Projects/mafia-game/node_modules/is-map': '/home/Twitch/Projects/mafia-game/node_modules/.is-map-0sJh8uUc',
354 silly reify   '/home/Twitch/Projects/mafia-game/node_modules/is-negative-zero': '/home/Twitch/Projects/mafia-game/node_modules/.is-negative-zero-AX8IzwNz',
354 silly reify   '/home/Twitch/Projects/mafia-game/node_modules/is-number': '/home/Twitch/Projects/mafia-game/node_modules/.is-number-1EoJ95ec',
354 silly reify   '/home/Twitch/Projects/mafia-game/node_modules/is-number-object': '/home/Twitch/Projects/mafia-game/node_modules/.is-number-object-vycIhQMa',
354 silly reify   '/home/Twitch/Projects/mafia-game/node_modules/is-path-inside': '/home/Twitch/Projects/mafia-game/node_modules/.is-path-inside-fsWDbawJ',
354 silly reify   '/home/Twitch/Projects/mafia-game/node_modules/is-regex': '/home/Twitch/Projects/mafia-game/node_modules/.is-regex-Dsa5u5Ft',
354 silly reify   '/home/Twitch/Projects/mafia-game/node_modules/is-set': '/home/Twitch/Projects/mafia-game/node_modules/.is-set-72XES93g',
354 silly reify   '/home/Twitch/Projects/mafia-game/node_modules/is-shared-array-buffer': '/home/Twitch/Projects/mafia-game/node_modules/.is-shared-array-buffer-nyZWt3gh',
354 silly reify   '/home/Twitch/Projects/mafia-game/node_modules/is-string': '/home/Twitch/Projects/mafia-game/node_modules/.is-string-i3WAPWJE',
354 silly reify   '/home/Twitch/Projects/mafia-game/node_modules/is-symbol': '/home/Twitch/Projects/mafia-game/node_modules/.is-symbol-7aZpAxOL',
354 silly reify   '/home/Twitch/Projects/mafia-game/node_modules/is-typed-array': '/home/Twitch/Projects/mafia-game/node_modules/.is-typed-array-W0UGr5xz',
354 silly reify   '/home/Twitch/Projects/mafia-game/node_modules/is-weakmap': '/home/Twitch/Projects/mafia-game/node_modules/.is-weakmap-D66RRe6C',
354 silly reify   '/home/Twitch/Projects/mafia-game/node_modules/is-weakref': '/home/Twitch/Projects/mafia-game/node_modules/.is-weakref-r4twJJUM',
354 silly reify   '/home/Twitch/Projects/mafia-game/node_modules/is-weakset': '/home/Twitch/Projects/mafia-game/node_modules/.is-weakset-hMuhu7GL',
354 silly reify   '/home/Twitch/Projects/mafia-game/node_modules/isarray': '/home/Twitch/Projects/mafia-game/node_modules/.isarray-bPHTKlQ6',
354 silly reify   '/home/Twitch/Projects/mafia-game/node_modules/iterator.prototype': '/home/Twitch/Projects/mafia-game/node_modules/.iterator.prototype-36V4mhOj',
354 silly reify   '/home/Twitch/Projects/mafia-game/node_modules/jackspeak': '/home/Twitch/Projects/mafia-game/node_modules/.jackspeak-kyTlIAg6',
354 silly reify   '/home/Twitch/Projects/mafia-game/node_modules/jiti': '/home/Twitch/Projects/mafia-game/node_modules/.jiti-m0X2wNwj',
354 silly reify   '/home/Twitch/Projects/mafia-game/node_modules/json5': '/home/Twitch/Projects/mafia-game/node_modules/.json5-z9HrUIvh',
354 silly reify   '/home/Twitch/Projects/mafia-game/node_modules/jsx-ast-utils': '/home/Twitch/Projects/mafia-game/node_modules/.jsx-ast-utils-RJH8TMU8',
354 silly reify   '/home/Twitch/Projects/mafia-game/node_modules/language-subtag-registry': '/home/Twitch/Projects/mafia-game/node_modules/.language-subtag-registry-E1mzM183',
354 silly reify   '/home/Twitch/Projects/mafia-game/node_modules/language-tags': '/home/Twitch/Projects/mafia-game/node_modules/.language-tags-tY5Sf9HK',
354 silly reify   '/home/Twitch/Projects/mafia-game/node_modules/lilconfig': '/home/Twitch/Projects/mafia-game/node_modules/.lilconfig-QGA9UTSJ',
354 silly reify   '/home/Twitch/Projects/mafia-game/node_modules/lines-and-columns': '/home/Twitch/Projects/mafia-game/node_modules/.lines-and-columns-Ff5M1ECK',
354 silly reify   '/home/Twitch/Projects/mafia-game/node_modules/loose-envify': '/home/Twitch/Projects/mafia-game/node_modules/.loose-envify-Gf2rVFyj',
354 silly reify   '/home/Twitch/Projects/mafia-game/node_modules/lru-cache': '/home/Twitch/Projects/mafia-game/node_modules/.lru-cache-wE8d9xeI',
354 silly reify   '/home/Twitch/Projects/mafia-game/node_modules/math-intrinsics': '/home/Twitch/Projects/mafia-game/node_modules/.math-intrinsics-996znS9W',
354 silly reify   '/home/Twitch/Projects/mafia-game/node_modules/merge2': '/home/Twitch/Projects/mafia-game/node_modules/.merge2-hzPoPzK5',
354 silly reify   '/home/Twitch/Projects/mafia-game/node_modules/micromatch': '/home/Twitch/Projects/mafia-game/node_modules/.micromatch-PuFLmCmk',
354 silly reify   '/home/Twitch/Projects/mafia-game/node_modules/mime-db': '/home/Twitch/Projects/mafia-game/node_modules/.mime-db-Q2ZXgChe',
354 silly reify   '/home/Twitch/Projects/mafia-game/node_modules/mime-types': '/home/Twitch/Projects/mafia-game/node_modules/.mime-types-2NPjZUZ7',
354 silly reify   '/home/Twitch/Projects/mafia-game/node_modules/minimatch': '/home/Twitch/Projects/mafia-game/node_modules/.minimatch-Nvl96o4l',
354 silly reify   '/home/Twitch/Projects/mafia-game/node_modules/minimist': '/home/Twitch/Projects/mafia-game/node_modules/.minimist-ppQnEiGr',
354 silly reify   '/home/Twitch/Projects/mafia-game/node_modules/minipass': '/home/Twitch/Projects/mafia-game/node_modules/.minipass-WjyRl3nU',
354 silly reify   '/home/Twitch/Projects/mafia-game/node_modules/mz': '/home/Twitch/Projects/mafia-game/node_modules/.mz-euhb8baf',
354 silly reify   '/home/Twitch/Projects/mafia-game/node_modules/napi-postinstall': '/home/Twitch/Projects/mafia-game/node_modules/.napi-postinstall-S9Nxi3i5',
354 silly reify   '/home/Twitch/Projects/mafia-game/node_modules/next': '/home/Twitch/Projects/mafia-game/node_modules/.next-iZRsIJfN',
354 silly reify   '/home/Twitch/Projects/mafia-game/node_modules/negotiator': '/home/Twitch/Projects/mafia-game/node_modules/.negotiator-hiZFoyNg',
354 silly reify   '/home/Twitch/Projects/mafia-game/node_modules/node-exports-info': '/home/Twitch/Projects/mafia-game/node_modules/.node-exports-info-ARKOYY8A',
354 silly reify   '/home/Twitch/Projects/mafia-game/node_modules/node-releases': '/home/Twitch/Projects/mafia-game/node_modules/.node-releases-jqshZ3TC',
354 silly reify   '/home/Twitch/Projects/mafia-game/node_modules/object-assign': '/home/Twitch/Projects/mafia-game/node_modules/.object-assign-LxriutTB',
354 silly reify   '/home/Twitch/Projects/mafia-game/node_modules/normalize-path': '/home/Twitch/Projects/mafia-game/node_modules/.normalize-path-3l4rAGZz',
354 silly reify   '/home/Twitch/Projects/mafia-game/node_modules/object-hash': '/home/Twitch/Projects/mafia-game/node_modules/.object-hash-U58thcmq',
354 silly reify   '/home/Twitch/Projects/mafia-game/node_modules/object-inspect': '/home/Twitch/Projects/mafia-game/node_modules/.object-inspect-Lalfzvrk',
354 silly reify   '/home/Twitch/Projects/mafia-game/node_modules/object.fromentries': '/home/Twitch/Projects/mafia-game/node_modules/.object.fromentries-tAjCyoDe',
354 silly reify   '/home/Twitch/Projects/mafia-game/node_modules/object.entries': '/home/Twitch/Projects/mafia-game/node_modules/.object.entries-0qRC8Wzl',
354 silly reify   '/home/Twitch/Projects/mafia-game/node_modules/object.assign': '/home/Twitch/Projects/mafia-game/node_modules/.object.assign-262GWQ6c',
354 silly reify   '/home/Twitch/Projects/mafia-game/node_modules/object-keys': '/home/Twitch/Projects/mafia-game/node_modules/.object-keys-67zw2n3K',
354 silly reify   '/home/Twitch/Projects/mafia-game/node_modules/object.groupby': '/home/Twitch/Projects/mafia-game/node_modules/.object.groupby-oWyVbNL0',
354 silly reify   '/home/Twitch/Projects/mafia-game/node_modules/object.values': '/home/Twitch/Projects/mafia-game/node_modules/.object.values-64yZWEze',
354 silly reify   '/home/Twitch/Projects/mafia-game/node_modules/own-keys': '/home/Twitch/Projects/mafia-game/node_modules/.own-keys-1NlF8M01',
354 silly reify   '/home/Twitch/Projects/mafia-game/node_modules/once': '/home/Twitch/Projects/mafia-game/node_modules/.once-c3RrlcxC',
354 silly reify   '/home/Twitch/Projects/mafia-game/node_modules/path-is-absolute': '/home/Twitch/Projects/mafia-game/node_modules/.path-is-absolute-zz4352wb',
354 silly reify   '/home/Twitch/Projects/mafia-game/node_modules/path-parse': '/home/Twitch/Projects/mafia-game/node_modules/.path-parse-ZKbAGTVF',
354 silly reify   '/home/Twitch/Projects/mafia-game/node_modules/path-scurry': '/home/Twitch/Projects/mafia-game/node_modules/.path-scurry-FBjZ1NRV',
354 silly reify   '/home/Twitch/Projects/mafia-game/node_modules/path-type': '/home/Twitch/Projects/mafia-game/node_modules/.path-type-ayvZwfEJ',
354 silly reify   '/home/Twitch/Projects/mafia-game/node_modules/picomatch': '/home/Twitch/Projects/mafia-game/node_modules/.picomatch-VwRkkWht',
354 silly reify   '/home/Twitch/Projects/mafia-game/node_modules/pirates': '/home/Twitch/Projects/mafia-game/node_modules/.pirates-NiG3VCso',
354 silly reify   '/home/Twitch/Projects/mafia-game/node_modules/pify': '/home/Twitch/Projects/mafia-game/node_modules/.pify-bRUFZwQl',
354 silly reify   '/home/Twitch/Projects/mafia-game/node_modules/possible-typed-array-names': '/home/Twitch/Projects/mafia-game/node_modules/.possible-typed-array-names-RrNrUD8q',
354 silly reify   '/home/Twitch/Projects/mafia-game/node_modules/postcss': '/home/Twitch/Projects/mafia-game/node_modules/.postcss-4iZoEhKW',
354 silly reify   '/home/Twitch/Projects/mafia-game/node_modules/postcss-js': '/home/Twitch/Projects/mafia-game/node_modules/.postcss-js-M9LYYVRj',
354 silly reify   '/home/Twitch/Projects/mafia-game/node_modules/postcss-import': '/home/Twitch/Projects/mafia-game/node_modules/.postcss-import-34sQAwvo',
354 silly reify   '/home/Twitch/Projects/mafia-game/node_modules/postcss-nested': '/home/Twitch/Projects/mafia-game/node_modules/.postcss-nested-qMzKU44g',
354 silly reify   '/home/Twitch/Projects/mafia-game/node_modules/postcss-load-config': '/home/Twitch/Projects/mafia-game/node_modules/.postcss-load-config-j1LlCdcr',
354 silly reify   '/home/Twitch/Projects/mafia-game/node_modules/postcss-selector-parser': '/home/Twitch/Projects/mafia-game/node_modules/.postcss-selector-parser-zDvUtcdn',
354 silly reify   '/home/Twitch/Projects/mafia-game/node_modules/postcss-value-parser': '/home/Twitch/Projects/mafia-game/node_modules/.postcss-value-parser-N7zCRpLq',
354 silly reify   '/home/Twitch/Projects/mafia-game/node_modules/queue-microtask': '/home/Twitch/Projects/mafia-game/node_modules/.queue-microtask-i8Ixnvth',
354 silly reify   '/home/Twitch/Projects/mafia-game/node_modules/prop-types': '/home/Twitch/Projects/mafia-game/node_modules/.prop-types-vSLmKqWu',
354 silly reify   '/home/Twitch/Projects/mafia-game/node_modules/react': '/home/Twitch/Projects/mafia-game/node_modules/.react-BBwPDVAa',
354 silly reify   '/home/Twitch/Projects/mafia-game/node_modules/react-dom': '/home/Twitch/Projects/mafia-game/node_modules/.react-dom-OoIDwUUB',
354 silly reify   '/home/Twitch/Projects/mafia-game/node_modules/readdirp': '/home/Twitch/Projects/mafia-game/node_modules/.readdirp-vmaWkvGD',
354 silly reify   '/home/Twitch/Projects/mafia-game/node_modules/read-cache': '/home/Twitch/Projects/mafia-game/node_modules/.read-cache-IpT4pP51',
354 silly reify   '/home/Twitch/Projects/mafia-game/node_modules/react-is': '/home/Twitch/Projects/mafia-game/node_modules/.react-is-4aVA6PdH',
354 silly reify   '/home/Twitch/Projects/mafia-game/node_modules/reflect.getprototypeof': '/home/Twitch/Projects/mafia-game/node_modules/.reflect.getprototypeof-hKSp81dL',
354 silly reify   '/home/Twitch/Projects/mafia-game/node_modules/regexp.prototype.flags': '/home/Twitch/Projects/mafia-game/node_modules/.regexp.prototype.flags-axmgwn57',
354 silly reify   '/home/Twitch/Projects/mafia-game/node_modules/resolve': '/home/Twitch/Projects/mafia-game/node_modules/.resolve-90q9YJGS',
354 silly reify   '/home/Twitch/Projects/mafia-game/node_modules/reusify': '/home/Twitch/Projects/mafia-game/node_modules/.reusify-RD0nKR9f',
354 silly reify   '/home/Twitch/Projects/mafia-game/node_modules/resolve-pkg-maps': '/home/Twitch/Projects/mafia-game/node_modules/.resolve-pkg-maps-MGxnNAnq',
354 silly reify   '/home/Twitch/Projects/mafia-game/node_modules/safe-array-concat': '/home/Twitch/Projects/mafia-game/node_modules/.safe-array-concat-Zs3W8ivB',
354 silly reify   '/home/Twitch/Projects/mafia-game/node_modules/rimraf': '/home/Twitch/Projects/mafia-game/node_modules/.rimraf-U1oQj0Rz',
354 silly reify   '/home/Twitch/Projects/mafia-game/node_modules/run-parallel': '/home/Twitch/Projects/mafia-game/node_modules/.run-parallel-bKFcyjHy',
354 silly reify   '/home/Twitch/Projects/mafia-game/node_modules/safe-push-apply': '/home/Twitch/Projects/mafia-game/node_modules/.safe-push-apply-dfvbQNk2',
354 silly reify   '/home/Twitch/Projects/mafia-game/node_modules/safe-regex-test': '/home/Twitch/Projects/mafia-game/node_modules/.safe-regex-test-xeMatr1I',
354 silly reify   '/home/Twitch/Projects/mafia-game/node_modules/scheduler': '/home/Twitch/Projects/mafia-game/node_modules/.scheduler-bEtl0OFo',
354 silly reify   '/home/Twitch/Projects/mafia-game/node_modules/set-function-length': '/home/Twitch/Projects/mafia-game/node_modules/.set-function-length-5IEj5tMi',
354 silly reify   '/home/Twitch/Projects/mafia-game/node_modules/set-function-name': '/home/Twitch/Projects/mafia-game/node_modules/.set-function-name-AboBMYxa',
354 silly reify   '/home/Twitch/Projects/mafia-game/node_modules/set-proto': '/home/Twitch/Projects/mafia-game/node_modules/.set-proto-HXpgOSRo',
354 silly reify   '/home/Twitch/Projects/mafia-game/node_modules/side-channel': '/home/Twitch/Projects/mafia-game/node_modules/.side-channel-hKc71v1x',
354 silly reify   '/home/Twitch/Projects/mafia-game/node_modules/side-channel-list': '/home/Twitch/Projects/mafia-game/node_modules/.side-channel-list-GcvWTkaq',
354 silly reify   '/home/Twitch/Projects/mafia-game/node_modules/side-channel-map': '/home/Twitch/Projects/mafia-game/node_modules/.side-channel-map-h0EqwLj3',
354 silly reify   '/home/Twitch/Projects/mafia-game/node_modules/side-channel-weakmap': '/home/Twitch/Projects/mafia-game/node_modules/.side-channel-weakmap-YA7hgL0Q',
354 silly reify   '/home/Twitch/Projects/mafia-game/node_modules/slash': '/home/Twitch/Projects/mafia-game/node_modules/.slash-owhWNgWO',
354 silly reify   '/home/Twitch/Projects/mafia-game/node_modules/signal-exit': '/home/Twitch/Projects/mafia-game/node_modules/.signal-exit-gE2NDgtQ',
354 silly reify   '/home/Twitch/Projects/mafia-game/node_modules/socket.io-adapter': '/home/Twitch/Projects/mafia-game/node_modules/.socket.io-adapter-tgNhT2aq',
354 silly reify   '/home/Twitch/Projects/mafia-game/node_modules/socket.io': '/home/Twitch/Projects/mafia-game/node_modules/.socket.io-fKRAzBr8',
354 silly reify   '/home/Twitch/Projects/mafia-game/node_modules/socket.io-client': '/home/Twitch/Projects/mafia-game/node_modules/.socket.io-client-Aqsj3LIG',
354 silly reify   '/home/Twitch/Projects/mafia-game/node_modules/socket.io-parser': '/home/Twitch/Projects/mafia-game/node_modules/.socket.io-parser-WtLiQVhK',
354 silly reify   '/home/Twitch/Projects/mafia-game/node_modules/stop-iteration-iterator': '/home/Twitch/Projects/mafia-game/node_modules/.stop-iteration-iterator-kwZ9v6Uk',
354 silly reify   '/home/Twitch/Projects/mafia-game/node_modules/stable-hash': '/home/Twitch/Projects/mafia-game/node_modules/.stable-hash-geQF5Fjd',
354 silly reify   '/home/Twitch/Projects/mafia-game/node_modules/streamsearch': '/home/Twitch/Projects/mafia-game/node_modules/.streamsearch-PR6pHz7j',
354 silly reify   '/home/Twitch/Projects/mafia-game/node_modules/string-width-cjs': '/home/Twitch/Projects/mafia-game/node_modules/.string-width-cjs-Sce9Rtj9',
354 silly reify   '/home/Twitch/Projects/mafia-game/node_modules/string-width': '/home/Twitch/Projects/mafia-game/node_modules/.string-width-DNLXn3DL',
354 silly reify   '/home/Twitch/Projects/mafia-game/node_modules/string.prototype.includes': '/home/Twitch/Projects/mafia-game/node_modules/.string.prototype.includes-Egd3ahHN',
354 silly reify   '/home/Twitch/Projects/mafia-game/node_modules/string.prototype.repeat': '/home/Twitch/Projects/mafia-game/node_modules/.string.prototype.repeat-wb9meRSA',
354 silly reify   '/home/Twitch/Projects/mafia-game/node_modules/string.prototype.trim': '/home/Twitch/Projects/mafia-game/node_modules/.string.prototype.trim-cXN4kKuG',
354 silly reify   '/home/Twitch/Projects/mafia-game/node_modules/string.prototype.matchall': '/home/Twitch/Projects/mafia-game/node_modules/.string.prototype.matchall-j68TN8Ry',
354 silly reify   '/home/Twitch/Projects/mafia-game/node_modules/string.prototype.trimstart': '/home/Twitch/Projects/mafia-game/node_modules/.string.prototype.trimstart-TMfVkPZq',
354 silly reify   '/home/Twitch/Projects/mafia-game/node_modules/strip-ansi': '/home/Twitch/Projects/mafia-game/node_modules/.strip-ansi-XkZGZLcC',
354 silly reify   '/home/Twitch/Projects/mafia-game/node_modules/string.prototype.trimend': '/home/Twitch/Projects/mafia-game/node_modules/.string.prototype.trimend-Z5Jtdtoi',
354 silly reify   '/home/Twitch/Projects/mafia-game/node_modules/strip-bom': '/home/Twitch/Projects/mafia-game/node_modules/.strip-bom-YRbvzvWE',
354 silly reify   '/home/Twitch/Projects/mafia-game/node_modules/strip-ansi-cjs': '/home/Twitch/Projects/mafia-game/node_modules/.strip-ansi-cjs-DkOEnYSk',
354 silly reify   '/home/Twitch/Projects/mafia-game/node_modules/sucrase': '/home/Twitch/Projects/mafia-game/node_modules/.sucrase-glEW2lGz',
354 silly reify   '/home/Twitch/Projects/mafia-game/node_modules/styled-jsx': '/home/Twitch/Projects/mafia-game/node_modules/.styled-jsx-wFNdyziD',
354 silly reify   '/home/Twitch/Projects/mafia-game/node_modules/text-table': '/home/Twitch/Projects/mafia-game/node_modules/.text-table-IG4SdE8d',
354 silly reify   '/home/Twitch/Projects/mafia-game/node_modules/supports-preserve-symlinks-flag': '/home/Twitch/Projects/mafia-game/node_modules/.supports-preserve-symlinks-flag-PLvy22dj',
354 silly reify   '/home/Twitch/Projects/mafia-game/node_modules/tailwindcss': '/home/Twitch/Projects/mafia-game/node_modules/.tailwindcss-Sjvhorac',
354 silly reify   '/home/Twitch/Projects/mafia-game/node_modules/thenify': '/home/Twitch/Projects/mafia-game/node_modules/.thenify-u539JVFE',
354 silly reify   '/home/Twitch/Projects/mafia-game/node_modules/tinyglobby': '/home/Twitch/Projects/mafia-game/node_modules/.tinyglobby-95RqziIG',
354 silly reify   '/home/Twitch/Projects/mafia-game/node_modules/thenify-all': '/home/Twitch/Projects/mafia-game/node_modules/.thenify-all-uphci3aA',
354 silly reify   '/home/Twitch/Projects/mafia-game/node_modules/ts-api-utils': '/home/Twitch/Projects/mafia-game/node_modules/.ts-api-utils-B5SXsGfm',
354 silly reify   '/home/Twitch/Projects/mafia-game/node_modules/to-regex-range': '/home/Twitch/Projects/mafia-game/node_modules/.to-regex-range-qtw89Tpr',
354 silly reify   '/home/Twitch/Projects/mafia-game/node_modules/ts-interface-checker': '/home/Twitch/Projects/mafia-game/node_modules/.ts-interface-checker-lKCmTNpG',
354 silly reify   '/home/Twitch/Projects/mafia-game/node_modules/tsconfig-paths': '/home/Twitch/Projects/mafia-game/node_modules/.tsconfig-paths-Hn1sGbjm',
354 silly reify   '/home/Twitch/Projects/mafia-game/node_modules/type-fest': '/home/Twitch/Projects/mafia-game/node_modules/.type-fest-ywOlTOWr',
354 silly reify   '/home/Twitch/Projects/mafia-game/node_modules/typed-array-buffer': '/home/Twitch/Projects/mafia-game/node_modules/.typed-array-buffer-85LgxoSR',
354 silly reify   '/home/Twitch/Projects/mafia-game/node_modules/typed-array-byte-length': '/home/Twitch/Projects/mafia-game/node_modules/.typed-array-byte-length-MDDsXeDe',
354 silly reify   '/home/Twitch/Projects/mafia-game/node_modules/typed-array-byte-offset': '/home/Twitch/Projects/mafia-game/node_modules/.typed-array-byte-offset-ko9JcCrb',
354 silly reify   '/home/Twitch/Projects/mafia-game/node_modules/typed-array-length': '/home/Twitch/Projects/mafia-game/node_modules/.typed-array-length-yiZ1Opua',
354 silly reify   '/home/Twitch/Projects/mafia-game/node_modules/typescript': '/home/Twitch/Projects/mafia-game/node_modules/.typescript-YSwDYTz8',
354 silly reify   '/home/Twitch/Projects/mafia-game/node_modules/unbox-primitive': '/home/Twitch/Projects/mafia-game/node_modules/.unbox-primitive-MZixh6pM',
354 silly reify   '/home/Twitch/Projects/mafia-game/node_modules/undici-types': '/home/Twitch/Projects/mafia-game/node_modules/.undici-types-OEmVHGaT',
354 silly reify   '/home/Twitch/Projects/mafia-game/node_modules/unrs-resolver': '/home/Twitch/Projects/mafia-game/node_modules/.unrs-resolver-HghHfZqj',
354 silly reify   '/home/Twitch/Projects/mafia-game/node_modules/util-deprecate': '/home/Twitch/Projects/mafia-game/node_modules/.util-deprecate-f5n8lSyF',
354 silly reify   '/home/Twitch/Projects/mafia-game/node_modules/uuid': '/home/Twitch/Projects/mafia-game/node_modules/.uuid-DpGcoo5M',
354 silly reify   '/home/Twitch/Projects/mafia-game/node_modules/vary': '/home/Twitch/Projects/mafia-game/node_modules/.vary-lIpkIduK',
354 silly reify   '/home/Twitch/Projects/mafia-game/node_modules/which-boxed-primitive': '/home/Twitch/Projects/mafia-game/node_modules/.which-boxed-primitive-1VwYTpHd',
354 silly reify   '/home/Twitch/Projects/mafia-game/node_modules/which-builtin-type': '/home/Twitch/Projects/mafia-game/node_modules/.which-builtin-type-NQv4XCtR',
354 silly reify   '/home/Twitch/Projects/mafia-game/node_modules/which-collection': '/home/Twitch/Projects/mafia-game/node_modules/.which-collection-maHUA5fO',
354 silly reify   '/home/Twitch/Projects/mafia-game/node_modules/which-typed-array': '/home/Twitch/Projects/mafia-game/node_modules/.which-typed-array-BTES6ku1',
354 silly reify   '/home/Twitch/Projects/mafia-game/node_modules/wrap-ansi': '/home/Twitch/Projects/mafia-game/node_modules/.wrap-ansi-3z2j2Wlb',
354 silly reify   '/home/Twitch/Projects/mafia-game/node_modules/wrap-ansi-cjs': '/home/Twitch/Projects/mafia-game/node_modules/.wrap-ansi-cjs-01kYxm1K',
354 silly reify   '/home/Twitch/Projects/mafia-game/node_modules/wrappy': '/home/Twitch/Projects/mafia-game/node_modules/.wrappy-sGXUsDU7',
354 silly reify   '/home/Twitch/Projects/mafia-game/node_modules/ws': '/home/Twitch/Projects/mafia-game/node_modules/.ws-88rNmA2a',
354 silly reify   '/home/Twitch/Projects/mafia-game/node_modules/xmlhttprequest-ssl': '/home/Twitch/Projects/mafia-game/node_modules/.xmlhttprequest-ssl-2Dk5UGsR',
354 silly reify   '/home/Twitch/Projects/mafia-game/node_modules/@alloc/quick-lru': '/home/Twitch/Projects/mafia-game/node_modules/@alloc/.quick-lru-Oq15Jqz7',
354 silly reify   '/home/Twitch/Projects/mafia-game/node_modules/@emnapi/core': '/home/Twitch/Projects/mafia-game/node_modules/@emnapi/.core-VlchEtuT',
354 silly reify   '/home/Twitch/Projects/mafia-game/node_modules/@emnapi/runtime': '/home/Twitch/Projects/mafia-game/node_modules/@emnapi/.runtime-V3XAMm3T',
354 silly reify   '/home/Twitch/Projects/mafia-game/node_modules/@emnapi/wasi-threads': '/home/Twitch/Projects/mafia-game/node_modules/@emnapi/.wasi-threads-ZTiWJXAX',
354 silly reify   '/home/Twitch/Projects/mafia-game/node_modules/@eslint/eslintrc': '/home/Twitch/Projects/mafia-game/node_modules/@eslint/.eslintrc-BWq0Kz8q',
354 silly reify   '/home/Twitch/Projects/mafia-game/node_modules/@eslint/js': '/home/Twitch/Projects/mafia-game/node_modules/@eslint/.js-2DzBnKF3',
354 silly reify   '/home/Twitch/Projects/mafia-game/node_modules/@humanwhocodes/config-array': '/home/Twitch/Projects/mafia-game/node_modules/@humanwhocodes/.config-array-mV6RrOZE',
354 silly reify   '/home/Twitch/Projects/mafia-game/node_modules/@humanwhocodes/object-schema': '/home/Twitch/Projects/mafia-game/node_modules/@humanwhocodes/.object-schema-9tOVBeut',
354 silly reify   '/home/Twitch/Projects/mafia-game/node_modules/@isaacs/cliui': '/home/Twitch/Projects/mafia-game/node_modules/@isaacs/.cliui-amcsZFDz',
354 silly reify   '/home/Twitch/Projects/mafia-game/node_modules/@napi-rs/wasm-runtime': '/home/Twitch/Projects/mafia-game/node_modules/@napi-rs/.wasm-runtime-YOKteg5H',
354 silly reify   '/home/Twitch/Projects/mafia-game/node_modules/@next/env': '/home/Twitch/Projects/mafia-game/node_modules/@next/.env-QzwRGAiz',
354 silly reify   '/home/Twitch/Projects/mafia-game/node_modules/@next/eslint-plugin-next': '/home/Twitch/Projects/mafia-game/node_modules/@next/.eslint-plugin-next-ITnQd65l',
354 silly reify   '/home/Twitch/Projects/mafia-game/node_modules/@next/swc-darwin-arm64': '/home/Twitch/Projects/mafia-game/node_modules/@next/.swc-darwin-arm64-oTpPPC9I',
354 silly reify   '/home/Twitch/Projects/mafia-game/node_modules/@next/swc-darwin-x64': '/home/Twitch/Projects/mafia-game/node_modules/@next/.swc-darwin-x64-6ZidxhE1',
354 silly reify   '/home/Twitch/Projects/mafia-game/node_modules/@next/swc-linux-arm64-gnu': '/home/Twitch/Projects/mafia-game/node_modules/@next/.swc-linux-arm64-gnu-cxGzJmGN',
354 silly reify   '/home/Twitch/Projects/mafia-game/node_modules/@next/swc-linux-arm64-musl': '/home/Twitch/Projects/mafia-game/node_modules/@next/.swc-linux-arm64-musl-dArocCAt',
354 silly reify   '/home/Twitch/Projects/mafia-game/node_modules/@next/swc-linux-x64-gnu': '/home/Twitch/Projects/mafia-game/node_modules/@next/.swc-linux-x64-gnu-OfobAEyD',
354 silly reify   '/home/Twitch/Projects/mafia-game/node_modules/@next/swc-linux-x64-musl': '/home/Twitch/Projects/mafia-game/node_modules/@next/.swc-linux-x64-musl-8LM0yHLA',
354 silly reify   '/home/Twitch/Projects/mafia-game/node_modules/@next/swc-win32-arm64-msvc': '/home/Twitch/Projects/mafia-game/node_modules/@next/.swc-win32-arm64-msvc-BSHTpsiU',
354 silly reify   '/home/Twitch/Projects/mafia-game/node_modules/@next/swc-win32-ia32-msvc': '/home/Twitch/Projects/mafia-game/node_modules/@next/.swc-win32-ia32-msvc-RhgaTyxy',
354 silly reify   '/home/Twitch/Projects/mafia-game/node_modules/@next/swc-win32-x64-msvc': '/home/Twitch/Projects/mafia-game/node_modules/@next/.swc-win32-x64-msvc-Bjym35Mu',
354 silly reify   '/home/Twitch/Projects/mafia-game/node_modules/@nodelib/fs.scandir': '/home/Twitch/Projects/mafia-game/node_modules/@nodelib/.fs.scandir-ET4MWM8c',
354 silly reify   '/home/Twitch/Projects/mafia-game/node_modules/@nodelib/fs.stat': '/home/Twitch/Projects/mafia-game/node_modules/@nodelib/.fs.stat-ltQJMsMn',
354 silly reify   '/home/Twitch/Projects/mafia-game/node_modules/@nodelib/fs.walk': '/home/Twitch/Projects/mafia-game/node_modules/@nodelib/.fs.walk-E2moxfh7',
354 silly reify   '/home/Twitch/Projects/mafia-game/node_modules/@nolyfill/is-core-module': '/home/Twitch/Projects/mafia-game/node_modules/@nolyfill/.is-core-module-A2korYIa',
354 silly reify   '/home/Twitch/Projects/mafia-game/node_modules/@pkgjs/parseargs': '/home/Twitch/Projects/mafia-game/node_modules/@pkgjs/.parseargs-mOqMWzdG',
354 silly reify   '/home/Twitch/Projects/mafia-game/node_modules/@rtsao/scc': '/home/Twitch/Projects/mafia-game/node_modules/@rtsao/.scc-Pf4mhHdA',
354 silly reify   '/home/Twitch/Projects/mafia-game/node_modules/@rushstack/eslint-patch': '/home/Twitch/Projects/mafia-game/node_modules/@rushstack/.eslint-patch-F27hJhWu',
354 silly reify   '/home/Twitch/Projects/mafia-game/node_modules/@socket.io/component-emitter': '/home/Twitch/Projects/mafia-game/node_modules/@socket.io/.component-emitter-dmlkgzKR',
354 silly reify   '/home/Twitch/Projects/mafia-game/node_modules/@swc/counter': '/home/Twitch/Projects/mafia-game/node_modules/@swc/.counter-SyxSqLHa',
354 silly reify   '/home/Twitch/Projects/mafia-game/node_modules/@swc/helpers': '/home/Twitch/Projects/mafia-game/node_modules/@swc/.helpers-iMiAwIwO',
354 silly reify   '/home/Twitch/Projects/mafia-game/node_modules/@types/cors': '/home/Twitch/Projects/mafia-game/node_modules/@types/.cors-PsuDg3NJ',
354 silly reify   '/home/Twitch/Projects/mafia-game/node_modules/@types/json5': '/home/Twitch/Projects/mafia-game/node_modules/@types/.json5-HqPuUbad',
354 silly reify   '/home/Twitch/Projects/mafia-game/node_modules/@types/node': '/home/Twitch/Projects/mafia-game/node_modules/@types/.node-DlufkuRO',
354 silly reify   '/home/Twitch/Projects/mafia-game/node_modules/@types/prop-types': '/home/Twitch/Projects/mafia-game/node_modules/@types/.prop-types-EJ37sTyz',
354 silly reify   '/home/Twitch/Projects/mafia-game/node_modules/@types/react-dom': '/home/Twitch/Projects/mafia-game/node_modules/@types/.react-dom-c77Yn65h',
354 silly reify   '/home/Twitch/Projects/mafia-game/node_modules/@types/react': '/home/Twitch/Projects/mafia-game/node_modules/@types/.react-116EZDEN',
354 silly reify   '/home/Twitch/Projects/mafia-game/node_modules/@types/semver': '/home/Twitch/Projects/mafia-game/node_modules/@types/.semver-kEtMbQOK',
354 silly reify   '/home/Twitch/Projects/mafia-game/node_modules/@types/uuid': '/home/Twitch/Projects/mafia-game/node_modules/@types/.uuid-krfzxauh',
354 silly reify   '/home/Twitch/Projects/mafia-game/node_modules/@typescript-eslint/eslint-plugin': '/home/Twitch/Projects/mafia-game/node_modules/@typescript-eslint/.eslint-plugin-bpp6IRZG',
354 silly reify   '/home/Twitch/Projects/mafia-game/node_modules/@typescript-eslint/parser': '/home/Twitch/Projects/mafia-game/node_modules/@typescript-eslint/.parser-plNGogXn',
354 silly reify   '/home/Twitch/Projects/mafia-game/node_modules/@typescript-eslint/scope-manager': '/home/Twitch/Projects/mafia-game/node_modules/@typescript-eslint/.scope-manager-qy04yrik',
354 silly reify   '/home/Twitch/Projects/mafia-game/node_modules/@typescript-eslint/type-utils': '/home/Twitch/Projects/mafia-game/node_modules/@typescript-eslint/.type-utils-Pma8j23m',
354 silly reify   '/home/Twitch/Projects/mafia-game/node_modules/@typescript-eslint/types': '/home/Twitch/Projects/mafia-game/node_modules/@typescript-eslint/.types-arT1pIWh',
354 silly reify   '/home/Twitch/Projects/mafia-game/node_modules/@typescript-eslint/typescript-estree': '/home/Twitch/Projects/mafia-game/node_modules/@typescript-eslint/.typescript-estree-U5CZoGas',
354 silly reify   '/home/Twitch/Projects/mafia-game/node_modules/@typescript-eslint/utils': '/home/Twitch/Projects/mafia-game/node_modules/@typescript-eslint/.utils-QMX58k48',
354 silly reify   '/home/Twitch/Projects/mafia-game/node_modules/@typescript-eslint/visitor-keys': '/home/Twitch/Projects/mafia-game/node_modules/@typescript-eslint/.visitor-keys-6ljxnUdb',
354 silly reify   '/home/Twitch/Projects/mafia-game/node_modules/@ungap/structured-clone': '/home/Twitch/Projects/mafia-game/node_modules/@ungap/.structured-clone-fhncCPFE',
354 silly reify   '/home/Twitch/Projects/mafia-game/node_modules/@unrs/resolver-binding-android-arm-eabi': '/home/Twitch/Projects/mafia-game/node_modules/@unrs/.resolver-binding-android-arm-eabi-T5y2nRzf',
354 silly reify   '/home/Twitch/Projects/mafia-game/node_modules/@unrs/resolver-binding-darwin-arm64': '/home/Twitch/Projects/mafia-game/node_modules/@unrs/.resolver-binding-darwin-arm64-GxAFQqSe',
354 silly reify   '/home/Twitch/Projects/mafia-game/node_modules/@unrs/resolver-binding-darwin-x64': '/home/Twitch/Projects/mafia-game/node_modules/@unrs/.resolver-binding-darwin-x64-UelXrngS',
354 silly reify   '/home/Twitch/Projects/mafia-game/node_modules/@unrs/resolver-binding-freebsd-x64': '/home/Twitch/Projects/mafia-game/node_modules/@unrs/.resolver-binding-freebsd-x64-mKjZKnEp',
354 silly reify   '/home/Twitch/Projects/mafia-game/node_modules/@unrs/resolver-binding-linux-arm-gnueabihf': '/home/Twitch/Projects/mafia-game/node_modules/@unrs/.resolver-binding-linux-arm-gnueabihf-7rBNHuIb',
354 silly reify   '/home/Twitch/Projects/mafia-game/node_modules/@unrs/resolver-binding-linux-arm-musleabihf': '/home/Twitch/Projects/mafia-game/node_modules/@unrs/.resolver-binding-linux-arm-musleabihf-xsGcnpJK',
354 silly reify   '/home/Twitch/Projects/mafia-game/node_modules/@unrs/resolver-binding-linux-arm64-gnu': '/home/Twitch/Projects/mafia-game/node_modules/@unrs/.resolver-binding-linux-arm64-gnu-WylEgtVc',
354 silly reify   '/home/Twitch/Projects/mafia-game/node_modules/@unrs/resolver-binding-linux-arm64-musl': '/home/Twitch/Projects/mafia-game/node_modules/@unrs/.resolver-binding-linux-arm64-musl-paohAVaN',
354 silly reify   '/home/Twitch/Projects/mafia-game/node_modules/@unrs/resolver-binding-linux-ppc64-gnu': '/home/Twitch/Projects/mafia-game/node_modules/@unrs/.resolver-binding-linux-ppc64-gnu-e5S6JTOR',
354 silly reify   '/home/Twitch/Projects/mafia-game/node_modules/@unrs/resolver-binding-linux-riscv64-gnu': '/home/Twitch/Projects/mafia-game/node_modules/@unrs/.resolver-binding-linux-riscv64-gnu-N143JQBM',
354 silly reify   '/home/Twitch/Projects/mafia-game/node_modules/@unrs/resolver-binding-linux-riscv64-musl': '/home/Twitch/Projects/mafia-game/node_modules/@unrs/.resolver-binding-linux-riscv64-musl-yc24vNNP',
354 silly reify   '/home/Twitch/Projects/mafia-game/node_modules/@unrs/resolver-binding-linux-s390x-gnu': '/home/Twitch/Projects/mafia-game/node_modules/@unrs/.resolver-binding-linux-s390x-gnu-z7pqwRFb',
354 silly reify   '/home/Twitch/Projects/mafia-game/node_modules/@unrs/resolver-binding-linux-x64-gnu': '/home/Twitch/Projects/mafia-game/node_modules/@unrs/.resolver-binding-linux-x64-gnu-8HM716Vv',
354 silly reify   '/home/Twitch/Projects/mafia-game/node_modules/@unrs/resolver-binding-linux-x64-musl': '/home/Twitch/Projects/mafia-game/node_modules/@unrs/.resolver-binding-linux-x64-musl-MJFgoyzU',
354 silly reify   '/home/Twitch/Projects/mafia-game/node_modules/@unrs/resolver-binding-wasm32-wasi': '/home/Twitch/Projects/mafia-game/node_modules/@unrs/.resolver-binding-wasm32-wasi-FJ2YnsXX',
354 silly reify   '/home/Twitch/Projects/mafia-game/node_modules/@unrs/resolver-binding-win32-arm64-msvc': '/home/Twitch/Projects/mafia-game/node_modules/@unrs/.resolver-binding-win32-arm64-msvc-Ud0PULXx',
354 silly reify   '/home/Twitch/Projects/mafia-game/node_modules/@unrs/resolver-binding-win32-ia32-msvc': '/home/Twitch/Projects/mafia-game/node_modules/@unrs/.resolver-binding-win32-ia32-msvc-EvpjMqJD',
354 silly reify   '/home/Twitch/Projects/mafia-game/node_modules/@unrs/resolver-binding-win32-x64-msvc': '/home/Twitch/Projects/mafia-game/node_modules/@unrs/.resolver-binding-win32-x64-msvc-inDgS9CF',
354 silly reify   '/home/Twitch/Projects/mafia-game/node_modules/@unrs/resolver-binding-android-arm64': '/home/Twitch/Projects/mafia-game/node_modules/@unrs/.resolver-binding-android-arm64-rZlwnudN',
354 silly reify   '/home/Twitch/Projects/mafia-game/node_modules/acorn': '/home/Twitch/Projects/mafia-game/node_modules/.acorn-vk8zZmfF',
354 silly reify   '/home/Twitch/Projects/mafia-game/node_modules/.bin/acorn': '/home/Twitch/Projects/mafia-game/node_modules/.bin/.acorn-mltIcxJR',
354 silly reify   '/home/Twitch/Projects/mafia-game/node_modules/js-yaml': '/home/Twitch/Projects/mafia-game/node_modules/.js-yaml-EWwAhGlD',
354 silly reify   '/home/Twitch/Projects/mafia-game/node_modules/.bin/js-yaml': '/home/Twitch/Projects/mafia-game/node_modules/.bin/.js-yaml-tmTzZ24Y',
354 silly reify   '/home/Twitch/Projects/mafia-game/node_modules/nanoid': '/home/Twitch/Projects/mafia-game/node_modules/.nanoid-9QgUkbUt',
354 silly reify   '/home/Twitch/Projects/mafia-game/node_modules/.bin/nanoid': '/home/Twitch/Projects/mafia-game/node_modules/.bin/.nanoid-5AxYHNvK',
354 silly reify   '/home/Twitch/Projects/mafia-game/node_modules/semver': '/home/Twitch/Projects/mafia-game/node_modules/.semver-pU51c2Rs',
354 silly reify   '/home/Twitch/Projects/mafia-game/node_modules/.bin/semver': '/home/Twitch/Projects/mafia-game/node_modules/.bin/.semver-9UDH06W8',
354 silly reify   '/home/Twitch/Projects/mafia-game/node_modules/update-browserslist-db': '/home/Twitch/Projects/mafia-game/node_modules/.update-browserslist-db-AmzA9twx',
354 silly reify   '/home/Twitch/Projects/mafia-game/node_modules/.bin/update-browserslist-db': '/home/Twitch/Projects/mafia-game/node_modules/.bin/.update-browserslist-db-knPLnao5',
354 silly reify   '/home/Twitch/Projects/mafia-game/node_modules/which': '/home/Twitch/Projects/mafia-game/node_modules/.which-uYcyqAjU',
354 silly reify   '/home/Twitch/Projects/mafia-game/node_modules/.bin/node-which': '/home/Twitch/Projects/mafia-game/node_modules/.bin/.node-which-rQhqMQYd'
354 silly reify }
355 silly audit bulk request {
355 silly audit   '@alloc/quick-lru': [ '5.2.0' ],
355 silly audit   '@emnapi/core': [ '1.8.1' ],
355 silly audit   '@emnapi/runtime': [ '1.8.1' ],
355 silly audit   '@emnapi/wasi-threads': [ '1.1.0' ],
355 silly audit   '@eslint-community/eslint-utils': [ '4.9.1' ],
355 silly audit   '@eslint-community/regexpp': [ '4.12.2' ],
355 silly audit   '@eslint/eslintrc': [ '2.1.4' ],
355 silly audit   'brace-expansion': [ '1.1.12', '2.0.2' ],
355 silly audit   minimatch: [ '3.1.5', '9.0.3' ],
355 silly audit   '@eslint/js': [ '8.57.1' ],
355 silly audit   '@humanwhocodes/config-array': [ '0.13.0' ],
355 silly audit   '@humanwhocodes/module-importer': [ '1.0.1' ],
355 silly audit   '@humanwhocodes/object-schema': [ '2.0.3' ],
355 silly audit   '@isaacs/cliui': [ '8.0.2' ],
355 silly audit   'ansi-regex': [ '6.2.2', '5.0.1' ],
355 silly audit   'strip-ansi': [ '7.2.0', '6.0.1' ],
355 silly audit   '@jridgewell/gen-mapping': [ '0.3.13' ],
355 silly audit   '@jridgewell/resolve-uri': [ '3.1.2' ],
355 silly audit   '@jridgewell/sourcemap-codec': [ '1.5.5' ],
355 silly audit   '@jridgewell/trace-mapping': [ '0.3.31' ],
355 silly audit   '@napi-rs/wasm-runtime': [ '0.2.12' ],
355 silly audit   '@next/env': [ '14.2.35' ],
355 silly audit   '@next/eslint-plugin-next': [ '14.2.35' ],
355 silly audit   '@next/swc-darwin-arm64': [ '14.2.33' ],
355 silly audit   '@next/swc-darwin-x64': [ '14.2.33' ],
355 silly audit   '@next/swc-linux-arm64-gnu': [ '14.2.33' ],
355 silly audit   '@next/swc-linux-arm64-musl': [ '14.2.33' ],
355 silly audit   '@next/swc-linux-x64-gnu': [ '14.2.33' ],
355 silly audit   '@next/swc-linux-x64-musl': [ '14.2.33' ],
355 silly audit   '@next/swc-win32-arm64-msvc': [ '14.2.33' ],
355 silly audit   '@next/swc-win32-ia32-msvc': [ '14.2.33' ],
355 silly audit   '@next/swc-win32-x64-msvc': [ '14.2.33' ],
355 silly audit   '@nodelib/fs.scandir': [ '2.1.5' ],
355 silly audit   '@nodelib/fs.stat': [ '2.0.5' ],
355 silly audit   '@nodelib/fs.walk': [ '1.2.8' ],
355 silly audit   '@nolyfill/is-core-module': [ '1.0.39' ],
355 silly audit   '@pkgjs/parseargs': [ '0.11.0' ],
355 silly audit   '@rtsao/scc': [ '1.1.0' ],
355 silly audit   '@rushstack/eslint-patch': [ '1.16.1' ],
355 silly audit   '@socket.io/component-emitter': [ '3.1.2' ],
355 silly audit   '@swc/counter': [ '0.1.3' ],
355 silly audit   '@swc/helpers': [ '0.5.5' ],
355 silly audit   '@tybys/wasm-util': [ '0.10.1' ],
355 silly audit   '@types/cors': [ '2.8.19' ],
355 silly audit   '@types/json-schema': [ '7.0.15' ],
355 silly audit   '@types/json5': [ '0.0.29' ],
355 silly audit   '@types/node': [ '20.19.35' ],
355 silly audit   '@types/prop-types': [ '15.7.15' ],
355 silly audit   '@types/react': [ '18.3.28' ],
355 silly audit   '@types/react-dom': [ '18.3.7' ],
355 silly audit   '@types/semver': [ '7.7.1' ],
355 silly audit   '@types/uuid': [ '9.0.8' ],
355 silly audit   '@typescript-eslint/eslint-plugin': [ '6.21.0' ],
355 silly audit   '@typescript-eslint/parser': [ '6.21.0' ],
355 silly audit   '@typescript-eslint/scope-manager': [ '6.21.0' ],
355 silly audit   '@typescript-eslint/type-utils': [ '6.21.0' ],
355 silly audit   '@typescript-eslint/types': [ '6.21.0' ],
355 silly audit   '@typescript-eslint/typescript-estree': [ '6.21.0' ],
355 silly audit   '@typescript-eslint/utils': [ '6.21.0' ],
355 silly audit   '@typescript-eslint/visitor-keys': [ '6.21.0' ],
355 silly audit   '@ungap/structured-clone': [ '1.3.0' ],
355 silly audit   '@unrs/resolver-binding-android-arm-eabi': [ '1.11.1' ],
355 silly audit   '@unrs/resolver-binding-android-arm64': [ '1.11.1' ],
355 silly audit   '@unrs/resolver-binding-darwin-arm64': [ '1.11.1' ],
355 silly audit   '@unrs/resolver-binding-darwin-x64': [ '1.11.1' ],
355 silly audit   '@unrs/resolver-binding-freebsd-x64': [ '1.11.1' ],
355 silly audit   '@unrs/resolver-binding-linux-arm-gnueabihf': [ '1.11.1' ],
355 silly audit   '@unrs/resolver-binding-linux-arm-musleabihf': [ '1.11.1' ],
355 silly audit   '@unrs/resolver-binding-linux-arm64-gnu': [ '1.11.1' ],
355 silly audit   '@unrs/resolver-binding-linux-arm64-musl': [ '1.11.1' ],
355 silly audit   '@unrs/resolver-binding-linux-ppc64-gnu': [ '1.11.1' ],
355 silly audit   '@unrs/resolver-binding-linux-riscv64-gnu': [ '1.11.1' ],
355 silly audit   '@unrs/resolver-binding-linux-riscv64-musl': [ '1.11.1' ],
355 silly audit   '@unrs/resolver-binding-linux-s390x-gnu': [ '1.11.1' ],
355 silly audit   '@unrs/resolver-binding-linux-x64-gnu': [ '1.11.1' ],
355 silly audit   '@unrs/resolver-binding-linux-x64-musl': [ '1.11.1' ],
355 silly audit   '@unrs/resolver-binding-wasm32-wasi': [ '1.11.1' ],
355 silly audit   '@unrs/resolver-binding-win32-arm64-msvc': [ '1.11.1' ],
355 silly audit   '@unrs/resolver-binding-win32-ia32-msvc': [ '1.11.1' ],
355 silly audit   '@unrs/resolver-binding-win32-x64-msvc': [ '1.11.1' ],
355 silly audit   accepts: [ '1.3.8' ],
355 silly audit   acorn: [ '8.16.0' ],
355 silly audit   'acorn-jsx': [ '5.3.2' ],
355 silly audit   ajv: [ '6.14.0' ],
355 silly audit   'ansi-styles': [ '4.3.0', '6.2.3' ],
355 silly audit   'any-promise': [ '1.3.0' ],
355 silly audit   anymatch: [ '3.1.3' ],
355 silly audit   arg: [ '5.0.2' ],
355 silly audit   argparse: [ '2.0.1' ],
355 silly audit   'aria-query': [ '5.3.2' ],
355 silly audit   'array-buffer-byte-length': [ '1.0.2' ],
355 silly audit   'array-includes': [ '3.1.9' ],
355 silly audit   'array-union': [ '2.1.0' ],
355 silly audit   'array.prototype.findlast': [ '1.2.5' ],
355 silly audit   'array.prototype.findlastindex': [ '1.2.6' ],
355 silly audit   'array.prototype.flat': [ '1.3.3' ],
355 silly audit   'array.prototype.flatmap': [ '1.3.3' ],
355 silly audit   'array.prototype.tosorted': [ '1.1.4' ],
355 silly audit   'arraybuffer.prototype.slice': [ '1.0.4' ],
355 silly audit   'ast-types-flow': [ '0.0.8' ],
355 silly audit   'async-function': [ '1.0.0' ],
355 silly audit   autoprefixer: [ '10.4.27' ],
355 silly audit   'available-typed-arrays': [ '1.0.7' ],
355 silly audit   'axe-core': [ '4.11.1' ],
355 silly audit   'axobject-query': [ '4.1.0' ],
355 silly audit   'balanced-match': [ '1.0.2' ],
355 silly audit   base64id: [ '2.0.0' ],
355 silly audit   'baseline-browser-mapping': [ '2.10.0' ],
355 silly audit   'binary-extensions': [ '2.3.0' ],
355 silly audit   braces: [ '3.0.3' ],
355 silly audit   browserslist: [ '4.28.1' ],
355 silly audit   busboy: [ '1.6.0' ],
355 silly audit   'call-bind': [ '1.0.8' ],
355 silly audit   'call-bind-apply-helpers': [ '1.0.2' ],
355 silly audit   'call-bound': [ '1.0.4' ],
355 silly audit   callsites: [ '3.1.0' ],
355 silly audit   'camelcase-css': [ '2.0.1' ],
355 silly audit   'caniuse-lite': [ '1.0.30001776' ],
355 silly audit   chalk: [ '4.1.2' ],
355 silly audit   chokidar: [ '3.6.0' ],
355 silly audit   'glob-parent': [ '5.1.2', '6.0.2' ],
355 silly audit   'client-only': [ '0.0.1' ],
355 silly audit   'color-convert': [ '2.0.1' ],
355 silly audit   'color-name': [ '1.1.4' ],
355 silly audit   commander: [ '4.1.1' ],
355 silly audit   'concat-map': [ '0.0.1' ],
355 silly audit   cookie: [ '0.7.2' ],
355 silly audit   cors: [ '2.8.6' ],
355 silly audit   'cross-spawn': [ '7.0.6' ],
355 silly audit   cssesc: [ '3.0.0' ],
355 silly audit   csstype: [ '3.2.3' ],
355 silly audit   'damerau-levenshtein': [ '1.0.8' ],
355 silly audit   'data-view-buffer': [ '1.0.2' ],
355 silly audit   'data-view-byte-length': [ '1.0.2' ],
355 silly audit   'data-view-byte-offset': [ '1.0.1' ],
355 silly audit   debug: [ '4.4.3', '3.2.7' ],
355 silly audit   'deep-is': [ '0.1.4' ],
355 silly audit   'define-data-property': [ '1.1.4' ],
355 silly audit   'define-properties': [ '1.2.1' ],
355 silly audit   didyoumean: [ '1.2.2' ],
355 silly audit   'dir-glob': [ '3.0.1' ],
355 silly audit   dlv: [ '1.1.3' ],
355 silly audit   doctrine: [ '3.0.0', '2.1.0' ],
355 silly audit   'dunder-proto': [ '1.0.1' ],
355 silly audit   eastasianwidth: [ '0.2.0' ],
355 silly audit   'electron-to-chromium': [ '1.5.307' ],
355 silly audit   'emoji-regex': [ '9.2.2', '8.0.0' ],
355 silly audit   'engine.io': [ '6.6.5' ],
355 silly audit   'engine.io-client': [ '6.6.4' ],
355 silly audit   'engine.io-parser': [ '5.2.3' ],
355 silly audit   'es-abstract': [ '1.24.1' ],
355 silly audit   'es-define-property': [ '1.0.1' ],
355 silly audit   'es-errors': [ '1.3.0' ],
355 silly audit   'es-iterator-helpers': [ '1.2.2' ],
355 silly audit   'es-object-atoms': [ '1.1.1' ],
355 silly audit   'es-set-tostringtag': [ '2.1.0' ],
355 silly audit   'es-shim-unscopables': [ '1.1.0' ],
355 silly audit   'es-to-primitive': [ '1.3.0' ],
355 silly audit   escalade: [ '3.2.0' ],
355 silly audit   'escape-string-regexp': [ '4.0.0' ],
355 silly audit   eslint: [ '8.57.1' ],
355 silly audit   'eslint-config-next': [ '14.2.35' ],
355 silly audit   'eslint-import-resolver-typescript': [ '3.10.1' ],
355 silly audit   'eslint-import-resolver-node': [ '0.3.9' ],
355 silly audit   'eslint-module-utils': [ '2.12.1' ],
355 silly audit   'eslint-plugin-import': [ '2.32.0' ],
355 silly audit   semver: [ '6.3.1', '7.7.4' ],
355 silly audit   'eslint-plugin-jsx-a11y': [ '6.10.2' ],
355 silly audit   'eslint-plugin-react': [ '7.37.5' ],
355 silly audit   'eslint-plugin-react-hooks': [ '5.0.0-canary-7118f5dd7-20230705' ],
355 silly audit   resolve: [ '2.0.0-next.6', '1.22.11' ],
355 silly audit   'eslint-scope': [ '7.2.2' ],
355 silly audit   'eslint-visitor-keys': [ '3.4.3' ],
355 silly audit   espree: [ '9.6.1' ],
355 silly audit   esquery: [ '1.7.0' ],
355 silly audit   esrecurse: [ '4.3.0' ],
355 silly audit   estraverse: [ '5.3.0' ],
355 silly audit   esutils: [ '2.0.3' ],
355 silly audit   'fast-deep-equal': [ '3.1.3' ],
355 silly audit   'fast-glob': [ '3.3.3' ],
355 silly audit   'fast-json-stable-stringify': [ '2.1.0' ],
355 silly audit   'fast-levenshtein': [ '2.0.6' ],
355 silly audit   fastq: [ '1.20.1' ],
355 silly audit   'file-entry-cache': [ '6.0.1' ],
355 silly audit   'fill-range': [ '7.1.1' ],
355 silly audit   'find-up': [ '5.0.0' ],
355 silly audit   'flat-cache': [ '3.2.0' ],
355 silly audit   flatted: [ '3.3.4' ],
355 silly audit   'for-each': [ '0.3.5' ],
355 silly audit   'foreground-child': [ '3.3.1' ],
355 silly audit   'fraction.js': [ '5.3.4' ],
355 silly audit   'fs.realpath': [ '1.0.0' ],
355 silly audit   fsevents: [ '2.3.3' ],
355 silly audit   'function-bind': [ '1.1.2' ],
355 silly audit   'function.prototype.name': [ '1.1.8' ],
355 silly audit   'functions-have-names': [ '1.2.3' ],
355 silly audit   'generator-function': [ '2.0.1' ],
355 silly audit   'get-intrinsic': [ '1.3.0' ],
355 silly audit   'get-proto': [ '1.0.1' ],
355 silly audit   'get-symbol-description': [ '1.1.0' ],
355 silly audit   'get-tsconfig': [ '4.13.6' ],
355 silly audit   glob: [ '10.3.10', '7.2.3' ],
355 silly audit   globals: [ '13.24.0' ],
355 silly audit   globalthis: [ '1.0.4' ],
355 silly audit   globby: [ '11.1.0' ],
355 silly audit   gopd: [ '1.2.0' ],
355 silly audit   'graceful-fs': [ '4.2.11' ],
355 silly audit   graphemer: [ '1.4.0' ],
355 silly audit   'has-bigints': [ '1.1.0' ],
355 silly audit   'has-flag': [ '4.0.0' ],
355 silly audit   'has-property-descriptors': [ '1.0.2' ],
355 silly audit   'has-proto': [ '1.2.0' ],
355 silly audit   'has-symbols': [ '1.1.0' ],
355 silly audit   'has-tostringtag': [ '1.0.2' ],
355 silly audit   hasown: [ '2.0.2' ],
355 silly audit   ignore: [ '5.3.2' ],
355 silly audit   'import-fresh': [ '3.3.1' ],
355 silly audit   imurmurhash: [ '0.1.4' ],
355 silly audit   inflight: [ '1.0.6' ],
355 silly audit   inherits: [ '2.0.4' ],
355 silly audit   'internal-slot': [ '1.1.0' ],
355 silly audit   'is-array-buffer': [ '3.0.5' ],
355 silly audit   'is-async-function': [ '2.1.1' ],
355 silly audit   'is-bigint': [ '1.1.0' ],
355 silly audit   'is-binary-path': [ '2.1.0' ],
355 silly audit   'is-boolean-object': [ '1.2.2' ],
355 silly audit   'is-bun-module': [ '2.0.0' ],
355 silly audit   'is-callable': [ '1.2.7' ],
355 silly audit   'is-core-module': [ '2.16.1' ],
355 silly audit   'is-data-view': [ '1.0.2' ],
355 silly audit   'is-date-object': [ '1.1.0' ],
355 silly audit   'is-extglob': [ '2.1.1' ],
355 silly audit   'is-finalizationregistry': [ '1.1.1' ],
355 silly audit   'is-fullwidth-code-point': [ '3.0.0' ],
355 silly audit   'is-generator-function': [ '1.1.2' ],
355 silly audit   'is-glob': [ '4.0.3' ],
355 silly audit   'is-map': [ '2.0.3' ],
355 silly audit   'is-negative-zero': [ '2.0.3' ],
355 silly audit   'is-number': [ '7.0.0' ],
355 silly audit   'is-number-object': [ '1.1.1' ],
355 silly audit   'is-path-inside': [ '3.0.3' ],
355 silly audit   'is-regex': [ '1.2.1' ],
355 silly audit   'is-set': [ '2.0.3' ],
355 silly audit   'is-shared-array-buffer': [ '1.0.4' ],
355 silly audit   'is-string': [ '1.1.1' ],
355 silly audit   'is-symbol': [ '1.1.1' ],
355 silly audit   'is-typed-array': [ '1.1.15' ],
355 silly audit   'is-weakmap': [ '2.0.2' ],
355 silly audit   'is-weakref': [ '1.1.1' ],
355 silly audit   'is-weakset': [ '2.0.4' ],
355 silly audit   isarray: [ '2.0.5' ],
355 silly audit   isexe: [ '2.0.0' ],
355 silly audit   'iterator.prototype': [ '1.1.5' ],
355 silly audit   jackspeak: [ '2.3.6' ],
355 silly audit   jiti: [ '1.21.7' ],
355 silly audit   'js-tokens': [ '4.0.0' ],
355 silly audit   'js-yaml': [ '4.1.1' ],
355 silly audit   'json-buffer': [ '3.0.1' ],
355 silly audit   'json-schema-traverse': [ '0.4.1' ],
355 silly audit   'json-stable-stringify-without-jsonify': [ '1.0.1' ],
355 silly audit   json5: [ '1.0.2' ],
355 silly audit   'jsx-ast-utils': [ '3.3.5' ],
355 silly audit   keyv: [ '4.5.4' ],
355 silly audit   'language-subtag-registry': [ '0.3.23' ],
355 silly audit   'language-tags': [ '1.0.9' ],
355 silly audit   levn: [ '0.4.1' ],
355 silly audit   lilconfig: [ '3.1.3' ],
355 silly audit   'lines-and-columns': [ '1.2.4' ],
355 silly audit   'locate-path': [ '6.0.0' ],
355 silly audit   'lodash.merge': [ '4.6.2' ],
355 silly audit   'loose-envify': [ '1.4.0' ],
355 silly audit   'lru-cache': [ '10.4.3' ],
355 silly audit   'math-intrinsics': [ '1.1.0' ],
355 silly audit   merge2: [ '1.4.1' ],
355 silly audit   micromatch: [ '4.0.8' ],
355 silly audit   'mime-db': [ '1.52.0' ],
355 silly audit   'mime-types': [ '2.1.35' ],
355 silly audit   minimist: [ '1.2.8' ],
355 silly audit   minipass: [ '7.1.3' ],
355 silly audit   ms: [ '2.1.3' ],
355 silly audit   mz: [ '2.7.0' ],
355 silly audit   nanoid: [ '3.3.11' ],
355 silly audit   'napi-postinstall': [ '0.3.4' ],
355 silly audit   'natural-compare': [ '1.4.0' ],
355 silly audit   negotiator: [ '0.6.3' ],
355 silly audit   next: [ '14.2.35' ],
355 silly audit   postcss: [ '8.4.31', '8.5.8' ],
355 silly audit   'node-exports-info': [ '1.6.0' ],
355 silly audit   'node-releases': [ '2.0.36' ],
355 silly audit   'normalize-path': [ '3.0.0' ],
355 silly audit   'object-assign': [ '4.1.1' ],
355 silly audit   'object-hash': [ '3.0.0' ],
355 silly audit   'object-inspect': [ '1.13.4' ],
355 silly audit   'object-keys': [ '1.1.1' ],
355 silly audit   'object.assign': [ '4.1.7' ],
355 silly audit   'object.entries': [ '1.1.9' ],
355 silly audit   'object.fromentries': [ '2.0.8' ],
355 silly audit   'object.groupby': [ '1.0.3' ],
355 silly audit   'object.values': [ '1.2.1' ],
355 silly audit   once: [ '1.4.0' ],
355 silly audit   optionator: [ '0.9.4' ],
355 silly audit   'own-keys': [ '1.0.1' ],
355 silly audit   'p-limit': [ '3.1.0' ],
355 silly audit   'p-locate': [ '5.0.0' ],
355 silly audit   'parent-module': [ '1.0.1' ],
355 silly audit   'path-exists': [ '4.0.0' ],
355 silly audit   'path-is-absolute': [ '1.0.1' ],
355 silly audit   'path-key': [ '3.1.1' ],
355 silly audit   'path-parse': [ '1.0.7' ],
355 silly audit   'path-scurry': [ '1.11.1' ],
355 silly audit   'path-type': [ '4.0.0' ],
355 silly audit   picocolors: [ '1.1.1' ],
355 silly audit   picomatch: [ '2.3.1', '4.0.3' ],
355 silly audit   pify: [ '2.3.0' ],
355 silly audit   pirates: [ '4.0.7' ],
355 silly audit   'possible-typed-array-names': [ '1.1.0' ],
355 silly audit   'postcss-import': [ '15.1.0' ],
355 silly audit   'postcss-js': [ '4.1.0' ],
355 silly audit   'postcss-load-config': [ '6.0.1' ],
355 silly audit   'postcss-nested': [ '6.2.0' ],
355 silly audit   'postcss-selector-parser': [ '6.1.2' ],
355 silly audit   'postcss-value-parser': [ '4.2.0' ],
355 silly audit   'prelude-ls': [ '1.2.1' ],
355 silly audit   'prop-types': [ '15.8.1' ],
355 silly audit   punycode: [ '2.3.1' ],
355 silly audit   'queue-microtask': [ '1.2.3' ],
355 silly audit   react: [ '18.3.1' ],
355 silly audit   'react-dom': [ '18.3.1' ],
355 silly audit   'react-is': [ '16.13.1' ],
355 silly audit   'read-cache': [ '1.0.0' ],
355 silly audit   readdirp: [ '3.6.0' ],
355 silly audit   'reflect.getprototypeof': [ '1.0.10' ],
355 silly audit   'regexp.prototype.flags': [ '1.5.4' ],
355 silly audit   'resolve-from': [ '4.0.0' ],
355 silly audit   'resolve-pkg-maps': [ '1.0.0' ],
355 silly audit   reusify: [ '1.1.0' ],
355 silly audit   rimraf: [ '3.0.2' ],
355 silly audit   'run-parallel': [ '1.2.0' ],
355 silly audit   'safe-array-concat': [ '1.1.3' ],
355 silly audit   'safe-push-apply': [ '1.0.0' ],
355 silly audit   'safe-regex-test': [ '1.1.0' ],
355 silly audit   scheduler: [ '0.23.2' ],
355 silly audit   'set-function-length': [ '1.2.2' ],
355 silly audit   'set-function-name': [ '2.0.2' ],
355 silly audit   'set-proto': [ '1.0.0' ],
355 silly audit   'shebang-command': [ '2.0.0' ],
355 silly audit   'shebang-regex': [ '3.0.0' ],
355 silly audit   'side-channel': [ '1.1.0' ],
355 silly audit   'side-channel-list': [ '1.0.0' ],
355 silly audit   'side-channel-map': [ '1.0.1' ],
355 silly audit   'side-channel-weakmap': [ '1.0.2' ],
355 silly audit   'signal-exit': [ '4.1.0' ],
355 silly audit   slash: [ '3.0.0' ],
355 silly audit   'socket.io': [ '4.8.3' ],
355 silly audit   'socket.io-adapter': [ '2.5.6' ],
355 silly audit   'socket.io-client': [ '4.8.3' ],
355 silly audit   'socket.io-parser': [ '4.2.5' ],
355 silly audit   'source-map-js': [ '1.2.1' ],
355 silly audit   'stable-hash': [ '0.0.5' ],
355 silly audit   'stop-iteration-iterator': [ '1.1.0' ],
355 silly audit   streamsearch: [ '1.1.0' ],
355 silly audit   'string-width': [ '5.1.2', '4.2.3' ],
355 silly audit   'string.prototype.includes': [ '2.0.1' ],
355 silly audit   'string.prototype.matchall': [ '4.0.12' ],
355 silly audit   'string.prototype.repeat': [ '1.0.0' ],
355 silly audit   'string.prototype.trim': [ '1.2.10' ],
355 silly audit   'string.prototype.trimend': [ '1.0.9' ],
355 silly audit   'string.prototype.trimstart': [ '1.0.8' ],
355 silly audit   'strip-bom': [ '3.0.0' ],
355 silly audit   'strip-json-comments': [ '3.1.1' ],
355 silly audit   'styled-jsx': [ '5.1.1' ],
355 silly audit   sucrase: [ '3.35.1' ],
355 silly audit   'supports-color': [ '7.2.0' ],
355 silly audit   'supports-preserve-symlinks-flag': [ '1.0.0' ],
355 silly audit   tailwindcss: [ '3.4.19' ],
355 silly audit   'text-table': [ '0.2.0' ],
355 silly audit   thenify: [ '3.3.1' ],
355 silly audit   'thenify-all': [ '1.6.0' ],
355 silly audit   tinyglobby: [ '0.2.15' ],
355 silly audit   fdir: [ '6.5.0' ],
355 silly audit   'to-regex-range': [ '5.0.1' ],
355 silly audit   'ts-api-utils': [ '1.4.3' ],
355 silly audit   'ts-interface-checker': [ '0.1.13' ],
355 silly audit   'tsconfig-paths': [ '3.15.0' ],
355 silly audit   tslib: [ '2.8.1' ],
355 silly audit   'type-check': [ '0.4.0' ],
355 silly audit   'type-fest': [ '0.20.2' ],
355 silly audit   'typed-array-buffer': [ '1.0.3' ],
355 silly audit   'typed-array-byte-length': [ '1.0.3' ],
355 silly audit   'typed-array-byte-offset': [ '1.0.4' ],
355 silly audit   'typed-array-length': [ '1.0.7' ],
355 silly audit   typescript: [ '5.9.3' ],
355 silly audit   'unbox-primitive': [ '1.1.0' ],
355 silly audit   'undici-types': [ '6.21.0' ],
355 silly audit   'unrs-resolver': [ '1.11.1' ],
355 silly audit   'update-browserslist-db': [ '1.2.3' ],
355 silly audit   'uri-js': [ '4.4.1' ],
355 silly audit   'util-deprecate': [ '1.0.2' ],
355 silly audit   uuid: [ '9.0.1' ],
355 silly audit   vary: [ '1.1.2' ],
355 silly audit   which: [ '2.0.2' ],
355 silly audit   'which-boxed-primitive': [ '1.1.1' ],
355 silly audit   'which-builtin-type': [ '1.2.1' ],
355 silly audit   'which-collection': [ '1.0.2' ],
355 silly audit   'which-typed-array': [ '1.1.20' ],
355 silly audit   'word-wrap': [ '1.2.5' ],
355 silly audit   'wrap-ansi': [ '8.1.0', '7.0.0' ],
355 silly audit   wrappy: [ '1.0.2' ],
355 silly audit   ws: [ '8.18.3' ],
355 silly audit   'xmlhttprequest-ssl': [ '2.1.2' ],
355 silly audit   'yocto-queue': [ '0.1.0' ]
355 silly audit }
356 verbose reify failed optional dependency /home/Twitch/Projects/mafia-game/node_modules/@unrs/resolver-binding-android-arm64
357 silly reify mark deleted [
357 silly reify   '/home/Twitch/Projects/mafia-game/node_modules/@unrs/resolver-binding-android-arm64'
357 silly reify ]
358 verbose reify failed optional dependency /home/Twitch/Projects/mafia-game/node_modules/@unrs/resolver-binding-win32-x64-msvc
359 silly reify mark deleted [
359 silly reify   '/home/Twitch/Projects/mafia-game/node_modules/@unrs/resolver-binding-win32-x64-msvc'
359 silly reify ]
360 verbose reify failed optional dependency /home/Twitch/Projects/mafia-game/node_modules/@unrs/resolver-binding-win32-ia32-msvc
361 silly reify mark deleted [
361 silly reify   '/home/Twitch/Projects/mafia-game/node_modules/@unrs/resolver-binding-win32-ia32-msvc'
361 silly reify ]
362 verbose reify failed optional dependency /home/Twitch/Projects/mafia-game/node_modules/@unrs/resolver-binding-win32-arm64-msvc
363 silly reify mark deleted [
363 silly reify   '/home/Twitch/Projects/mafia-game/node_modules/@unrs/resolver-binding-win32-arm64-msvc'
363 silly reify ]
364 verbose reify failed optional dependency /home/Twitch/Projects/mafia-game/node_modules/@unrs/resolver-binding-wasm32-wasi
365 silly reify mark deleted [
365 silly reify   '/home/Twitch/Projects/mafia-game/node_modules/@unrs/resolver-binding-wasm32-wasi'
365 silly reify ]
366 verbose reify failed optional dependency /home/Twitch/Projects/mafia-game/node_modules/@napi-rs/wasm-runtime
367 silly reify mark deleted [
367 silly reify   '/home/Twitch/Projects/mafia-game/node_modules/@napi-rs/wasm-runtime'
367 silly reify ]
368 verbose reify failed optional dependency /home/Twitch/Projects/mafia-game/node_modules/@emnapi/core
369 silly reify mark deleted [ '/home/Twitch/Projects/mafia-game/node_modules/@emnapi/core' ]
370 verbose reify failed optional dependency /home/Twitch/Projects/mafia-game/node_modules/@emnapi/runtime
371 silly reify mark deleted [ '/home/Twitch/Projects/mafia-game/node_modules/@emnapi/runtime' ]
372 verbose reify failed optional dependency /home/Twitch/Projects/mafia-game/node_modules/@tybys/wasm-util
373 silly reify mark deleted [ '/home/Twitch/Projects/mafia-game/node_modules/@tybys/wasm-util' ]
374 verbose reify failed optional dependency /home/Twitch/Projects/mafia-game/node_modules/@emnapi/wasi-threads
375 silly reify mark deleted [
375 silly reify   '/home/Twitch/Projects/mafia-game/node_modules/@emnapi/wasi-threads'
375 silly reify ]
376 verbose reify failed optional dependency /home/Twitch/Projects/mafia-game/node_modules/@unrs/resolver-binding-linux-s390x-gnu
377 silly reify mark deleted [
377 silly reify   '/home/Twitch/Projects/mafia-game/node_modules/@unrs/resolver-binding-linux-s390x-gnu'
377 silly reify ]
378 verbose reify failed optional dependency /home/Twitch/Projects/mafia-game/node_modules/@unrs/resolver-binding-linux-riscv64-musl
379 silly reify mark deleted [
379 silly reify   '/home/Twitch/Projects/mafia-game/node_modules/@unrs/resolver-binding-linux-riscv64-musl'
379 silly reify ]
380 verbose reify failed optional dependency /home/Twitch/Projects/mafia-game/node_modules/@unrs/resolver-binding-linux-riscv64-gnu
381 silly reify mark deleted [
381 silly reify   '/home/Twitch/Projects/mafia-game/node_modules/@unrs/resolver-binding-linux-riscv64-gnu'
381 silly reify ]
382 verbose reify failed optional dependency /home/Twitch/Projects/mafia-game/node_modules/@unrs/resolver-binding-linux-ppc64-gnu
383 silly reify mark deleted [
383 silly reify   '/home/Twitch/Projects/mafia-game/node_modules/@unrs/resolver-binding-linux-ppc64-gnu'
383 silly reify ]
384 verbose reify failed optional dependency /home/Twitch/Projects/mafia-game/node_modules/@unrs/resolver-binding-linux-arm64-musl
385 silly reify mark deleted [
385 silly reify   '/home/Twitch/Projects/mafia-game/node_modules/@unrs/resolver-binding-linux-arm64-musl'
385 silly reify ]
386 verbose reify failed optional dependency /home/Twitch/Projects/mafia-game/node_modules/@unrs/resolver-binding-linux-arm64-gnu
387 silly reify mark deleted [
387 silly reify   '/home/Twitch/Projects/mafia-game/node_modules/@unrs/resolver-binding-linux-arm64-gnu'
387 silly reify ]
388 verbose reify failed optional dependency /home/Twitch/Projects/mafia-game/node_modules/@unrs/resolver-binding-linux-arm-musleabihf
389 silly reify mark deleted [
389 silly reify   '/home/Twitch/Projects/mafia-game/node_modules/@unrs/resolver-binding-linux-arm-musleabihf'
389 silly reify ]
390 verbose reify failed optional dependency /home/Twitch/Projects/mafia-game/node_modules/@unrs/resolver-binding-linux-arm-gnueabihf
391 silly reify mark deleted [
391 silly reify   '/home/Twitch/Projects/mafia-game/node_modules/@unrs/resolver-binding-linux-arm-gnueabihf'
391 silly reify ]
392 verbose reify failed optional dependency /home/Twitch/Projects/mafia-game/node_modules/@unrs/resolver-binding-freebsd-x64
393 silly reify mark deleted [
393 silly reify   '/home/Twitch/Projects/mafia-game/node_modules/@unrs/resolver-binding-freebsd-x64'
393 silly reify ]
394 verbose reify failed optional dependency /home/Twitch/Projects/mafia-game/node_modules/@unrs/resolver-binding-darwin-x64
395 silly reify mark deleted [
395 silly reify   '/home/Twitch/Projects/mafia-game/node_modules/@unrs/resolver-binding-darwin-x64'
395 silly reify ]
396 verbose reify failed optional dependency /home/Twitch/Projects/mafia-game/node_modules/@unrs/resolver-binding-darwin-arm64
397 silly reify mark deleted [
397 silly reify   '/home/Twitch/Projects/mafia-game/node_modules/@unrs/resolver-binding-darwin-arm64'
397 silly reify ]
398 verbose reify failed optional dependency /home/Twitch/Projects/mafia-game/node_modules/@unrs/resolver-binding-android-arm-eabi
399 silly reify mark deleted [
399 silly reify   '/home/Twitch/Projects/mafia-game/node_modules/@unrs/resolver-binding-android-arm-eabi'
399 silly reify ]
400 verbose reify failed optional dependency /home/Twitch/Projects/mafia-game/node_modules/@next/swc-win32-x64-msvc
401 silly reify mark deleted [
401 silly reify   '/home/Twitch/Projects/mafia-game/node_modules/@next/swc-win32-x64-msvc'
401 silly reify ]
402 verbose reify failed optional dependency /home/Twitch/Projects/mafia-game/node_modules/@next/swc-win32-ia32-msvc
403 silly reify mark deleted [
403 silly reify   '/home/Twitch/Projects/mafia-game/node_modules/@next/swc-win32-ia32-msvc'
403 silly reify ]
404 verbose reify failed optional dependency /home/Twitch/Projects/mafia-game/node_modules/@next/swc-win32-arm64-msvc
405 silly reify mark deleted [
405 silly reify   '/home/Twitch/Projects/mafia-game/node_modules/@next/swc-win32-arm64-msvc'
405 silly reify ]
406 verbose reify failed optional dependency /home/Twitch/Projects/mafia-game/node_modules/@next/swc-linux-arm64-musl
407 silly reify mark deleted [
407 silly reify   '/home/Twitch/Projects/mafia-game/node_modules/@next/swc-linux-arm64-musl'
407 silly reify ]
408 verbose reify failed optional dependency /home/Twitch/Projects/mafia-game/node_modules/@next/swc-linux-arm64-gnu
409 silly reify mark deleted [
409 silly reify   '/home/Twitch/Projects/mafia-game/node_modules/@next/swc-linux-arm64-gnu'
409 silly reify ]
410 verbose reify failed optional dependency /home/Twitch/Projects/mafia-game/node_modules/@next/swc-darwin-x64
411 silly reify mark deleted [
411 silly reify   '/home/Twitch/Projects/mafia-game/node_modules/@next/swc-darwin-x64'
411 silly reify ]
412 verbose reify failed optional dependency /home/Twitch/Projects/mafia-game/node_modules/@next/swc-darwin-arm64
413 silly reify mark deleted [
413 silly reify   '/home/Twitch/Projects/mafia-game/node_modules/@next/swc-darwin-arm64'
413 silly reify ]
414 verbose reify failed optional dependency /home/Twitch/Projects/mafia-game/node_modules/fsevents
415 silly reify mark deleted [ '/home/Twitch/Projects/mafia-game/node_modules/fsevents' ]
416 silly audit bulk request failed undefined
417 verbose audit error FetchError: request to https://registry.npmjs.org/-/npm/v1/security/audits/quick failed, reason: getaddrinfo EAI_AGAIN registry.npmjs.org
417 verbose audit error     at ClientRequest.<anonymous> (/usr/lib/node_modules_22/npm/node_modules/minipass-fetch/lib/index.js:130:14)
417 verbose audit error     at ClientRequest.emit (node:events:519:28)
417 verbose audit error     at emitErrorEvent (node:_http_client:107:11)
417 verbose audit error     at _destroy (node:_http_client:954:9)
417 verbose audit error     at onSocketNT (node:_http_client:974:5)
417 verbose audit error     at process.processTicksAndRejections (node:internal/process/task_queues:91:21) {
417 verbose audit error   code: 'EAI_AGAIN',
417 verbose audit error   errno: 'EAI_AGAIN',
417 verbose audit error   syscall: 'getaddrinfo',
417 verbose audit error   hostname: 'registry.npmjs.org',
417 verbose audit error   type: 'system'
417 verbose audit error }
418 silly audit error undefined
419 silly audit report null
420 http cache which@https://registry.npmjs.org/which/-/which-2.0.2.tgz 1ms (cache hit)
421 http cache semver@https://registry.npmjs.org/semver/-/semver-7.7.4.tgz 0ms (cache hit)
422 http cache nanoid@https://registry.npmjs.org/nanoid/-/nanoid-3.3.11.tgz 1ms (cache hit)
423 http cache update-browserslist-db@https://registry.npmjs.org/update-browserslist-db/-/update-browserslist-db-1.2.3.tgz 0ms (cache hit)
424 http cache js-yaml@https://registry.npmjs.org/js-yaml/-/js-yaml-4.1.1.tgz 0ms (cache hit)
425 http cache acorn@https://registry.npmjs.org/acorn/-/acorn-8.16.0.tgz 0ms (cache hit)
426 http cache @ungap/structured-clone@https://registry.npmjs.org/@ungap/structured-clone/-/structured-clone-1.3.0.tgz 0ms (cache hit)
427 http cache @unrs/resolver-binding-linux-x64-gnu@https://registry.npmjs.org/@unrs/resolver-binding-linux-x64-gnu/-/resolver-binding-linux-x64-gnu-1.11.1.tgz 0ms (cache hit)
428 http cache @typescript-eslint/visitor-keys@https://registry.npmjs.org/@typescript-eslint/visitor-keys/-/visitor-keys-6.21.0.tgz 1ms (cache hit)
429 http cache @typescript-eslint/utils@https://registry.npmjs.org/@typescript-eslint/utils/-/utils-6.21.0.tgz 1ms (cache hit)
430 http cache @typescript-eslint/type-utils@https://registry.npmjs.org/@typescript-eslint/type-utils/-/type-utils-6.21.0.tgz 1ms (cache hit)
431 http cache @typescript-eslint/typescript-estree@https://registry.npmjs.org/@typescript-eslint/typescript-estree/-/typescript-estree-6.21.0.tgz 0ms (cache hit)
432 http cache @typescript-eslint/types@https://registry.npmjs.org/@typescript-eslint/types/-/types-6.21.0.tgz 0ms (cache hit)
433 http cache @typescript-eslint/scope-manager@https://registry.npmjs.org/@typescript-eslint/scope-manager/-/scope-manager-6.21.0.tgz 0ms (cache hit)
434 http cache @typescript-eslint/parser@https://registry.npmjs.org/@typescript-eslint/parser/-/parser-6.21.0.tgz 0ms (cache hit)
435 http cache @typescript-eslint/eslint-plugin@https://registry.npmjs.org/@typescript-eslint/eslint-plugin/-/eslint-plugin-6.21.0.tgz 0ms (cache hit)
436 http cache @types/uuid@https://registry.npmjs.org/@types/uuid/-/uuid-9.0.8.tgz 0ms (cache hit)
437 http cache @unrs/resolver-binding-linux-x64-musl@https://registry.npmjs.org/@unrs/resolver-binding-linux-x64-musl/-/resolver-binding-linux-x64-musl-1.11.1.tgz 0ms (cache hit)
438 http cache @types/react@https://registry.npmjs.org/@types/react/-/react-18.3.28.tgz 0ms (cache hit)
439 http cache @types/semver@https://registry.npmjs.org/@types/semver/-/semver-7.7.1.tgz 0ms (cache hit)
440 http cache @types/react-dom@https://registry.npmjs.org/@types/react-dom/-/react-dom-18.3.7.tgz 0ms (cache hit)
441 http cache @types/node@https://registry.npmjs.org/@types/node/-/node-20.19.35.tgz 0ms (cache hit)
442 http cache @types/prop-types@https://registry.npmjs.org/@types/prop-types/-/prop-types-15.7.15.tgz 0ms (cache hit)
443 http cache @types/json5@https://registry.npmjs.org/@types/json5/-/json5-0.0.29.tgz 0ms (cache hit)
444 http cache @types/cors@https://registry.npmjs.org/@types/cors/-/cors-2.8.19.tgz 0ms (cache hit)
445 http cache @swc/helpers@https://registry.npmjs.org/@swc/helpers/-/helpers-0.5.5.tgz 1ms (cache hit)
446 http cache @swc/counter@https://registry.npmjs.org/@swc/counter/-/counter-0.1.3.tgz 0ms (cache hit)
447 http cache @rtsao/scc@https://registry.npmjs.org/@rtsao/scc/-/scc-1.1.0.tgz 0ms (cache hit)
448 http cache @socket.io/component-emitter@https://registry.npmjs.org/@socket.io/component-emitter/-/component-emitter-3.1.2.tgz 0ms (cache hit)
449 http cache @rushstack/eslint-patch@https://registry.npmjs.org/@rushstack/eslint-patch/-/eslint-patch-1.16.1.tgz 0ms (cache hit)
450 http cache @nolyfill/is-core-module@https://registry.npmjs.org/@nolyfill/is-core-module/-/is-core-module-1.0.39.tgz 0ms (cache hit)
451 http cache @pkgjs/parseargs@https://registry.npmjs.org/@pkgjs/parseargs/-/parseargs-0.11.0.tgz 0ms (cache hit)
452 http cache @nodelib/fs.scandir@https://registry.npmjs.org/@nodelib/fs.scandir/-/fs.scandir-2.1.5.tgz 0ms (cache hit)
453 http cache @nodelib/fs.walk@https://registry.npmjs.org/@nodelib/fs.walk/-/fs.walk-1.2.8.tgz 0ms (cache hit)
454 http cache @nodelib/fs.stat@https://registry.npmjs.org/@nodelib/fs.stat/-/fs.stat-2.0.5.tgz 0ms (cache hit)
455 http cache @next/swc-linux-x64-musl@https://registry.npmjs.org/@next/swc-linux-x64-musl/-/swc-linux-x64-musl-14.2.33.tgz 0ms (cache hit)
456 http cache @next/swc-linux-x64-gnu@https://registry.npmjs.org/@next/swc-linux-x64-gnu/-/swc-linux-x64-gnu-14.2.33.tgz 0ms (cache hit)
457 http cache @next/env@https://registry.npmjs.org/@next/env/-/env-14.2.35.tgz 0ms (cache hit)
458 http cache @next/eslint-plugin-next@https://registry.npmjs.org/@next/eslint-plugin-next/-/eslint-plugin-next-14.2.35.tgz 0ms (cache hit)
459 http cache @isaacs/cliui@https://registry.npmjs.org/@isaacs/cliui/-/cliui-8.0.2.tgz 0ms (cache hit)
460 http cache @napi-rs/wasm-runtime@https://registry.npmjs.org/@napi-rs/wasm-runtime/-/wasm-runtime-0.2.12.tgz 0ms (cache hit)
461 http cache @eslint/js@https://registry.npmjs.org/@eslint/js/-/js-8.57.1.tgz 0ms (cache hit)
462 http cache @humanwhocodes/object-schema@https://registry.npmjs.org/@humanwhocodes/object-schema/-/object-schema-2.0.3.tgz 0ms (cache hit)
463 http cache @humanwhocodes/config-array@https://registry.npmjs.org/@humanwhocodes/config-array/-/config-array-0.13.0.tgz 0ms (cache hit)
464 http cache @eslint/eslintrc@https://registry.npmjs.org/@eslint/eslintrc/-/eslintrc-2.1.4.tgz 0ms (cache hit)
465 http cache @emnapi/wasi-threads@https://registry.npmjs.org/@emnapi/wasi-threads/-/wasi-threads-1.1.0.tgz 0ms (cache hit)
466 http cache @emnapi/runtime@https://registry.npmjs.org/@emnapi/runtime/-/runtime-1.8.1.tgz 0ms (cache hit)
467 http cache @emnapi/core@https://registry.npmjs.org/@emnapi/core/-/core-1.8.1.tgz 0ms (cache hit)
468 http cache xmlhttprequest-ssl@https://registry.npmjs.org/xmlhttprequest-ssl/-/xmlhttprequest-ssl-2.1.2.tgz 0ms (cache hit)
469 http cache @alloc/quick-lru@https://registry.npmjs.org/@alloc/quick-lru/-/quick-lru-5.2.0.tgz 0ms (cache hit)
470 http cache ws@https://registry.npmjs.org/ws/-/ws-8.18.3.tgz 0ms (cache hit)
471 http cache wrap-ansi-cjs@https://registry.npmjs.org/wrap-ansi/-/wrap-ansi-7.0.0.tgz 0ms (cache hit)
472 http cache wrappy@https://registry.npmjs.org/wrappy/-/wrappy-1.0.2.tgz 0ms (cache hit)
473 http cache wrap-ansi@https://registry.npmjs.org/wrap-ansi/-/wrap-ansi-8.1.0.tgz 0ms (cache hit)
474 http cache which-collection@https://registry.npmjs.org/which-collection/-/which-collection-1.0.2.tgz 0ms (cache hit)
475 http cache which-typed-array@https://registry.npmjs.org/which-typed-array/-/which-typed-array-1.1.20.tgz 0ms (cache hit)
476 http cache which-builtin-type@https://registry.npmjs.org/which-builtin-type/-/which-builtin-type-1.2.1.tgz 0ms (cache hit)
477 http cache vary@https://registry.npmjs.org/vary/-/vary-1.1.2.tgz 0ms (cache hit)
478 http cache which-boxed-primitive@https://registry.npmjs.org/which-boxed-primitive/-/which-boxed-primitive-1.1.1.tgz 0ms (cache hit)
479 http cache unrs-resolver@https://registry.npmjs.org/unrs-resolver/-/unrs-resolver-1.11.1.tgz 0ms (cache hit)
480 http cache uuid@https://registry.npmjs.org/uuid/-/uuid-9.0.1.tgz 0ms (cache hit)
481 http cache util-deprecate@https://registry.npmjs.org/util-deprecate/-/util-deprecate-1.0.2.tgz 0ms (cache hit)
482 http cache unbox-primitive@https://registry.npmjs.org/unbox-primitive/-/unbox-primitive-1.1.0.tgz 0ms (cache hit)
483 http cache undici-types@https://registry.npmjs.org/undici-types/-/undici-types-6.21.0.tgz 0ms (cache hit)
484 http cache typed-array-byte-offset@https://registry.npmjs.org/typed-array-byte-offset/-/typed-array-byte-offset-1.0.4.tgz 0ms (cache hit)
485 http cache typescript@https://registry.npmjs.org/typescript/-/typescript-5.9.3.tgz 0ms (cache hit)
486 http cache typed-array-length@https://registry.npmjs.org/typed-array-length/-/typed-array-length-1.0.7.tgz 0ms (cache hit)
487 http cache typed-array-byte-length@https://registry.npmjs.org/typed-array-byte-length/-/typed-array-byte-length-1.0.3.tgz 0ms (cache hit)
488 http cache typed-array-buffer@https://registry.npmjs.org/typed-array-buffer/-/typed-array-buffer-1.0.3.tgz 0ms (cache hit)
489 http cache type-fest@https://registry.npmjs.org/type-fest/-/type-fest-0.20.2.tgz 0ms (cache hit)
490 http cache tsconfig-paths@https://registry.npmjs.org/tsconfig-paths/-/tsconfig-paths-3.15.0.tgz 0ms (cache hit)
491 http cache to-regex-range@https://registry.npmjs.org/to-regex-range/-/to-regex-range-5.0.1.tgz 0ms (cache hit)
492 http cache ts-interface-checker@https://registry.npmjs.org/ts-interface-checker/-/ts-interface-checker-0.1.13.tgz 0ms (cache hit)
493 http cache tinyglobby@https://registry.npmjs.org/tinyglobby/-/tinyglobby-0.2.15.tgz 0ms (cache hit)
494 http cache ts-api-utils@https://registry.npmjs.org/ts-api-utils/-/ts-api-utils-1.4.3.tgz 0ms (cache hit)
495 http cache thenify-all@https://registry.npmjs.org/thenify-all/-/thenify-all-1.6.0.tgz 0ms (cache hit)
496 http cache tailwindcss@https://registry.npmjs.org/tailwindcss/-/tailwindcss-3.4.19.tgz 0ms (cache hit)
497 http cache thenify@https://registry.npmjs.org/thenify/-/thenify-3.3.1.tgz 0ms (cache hit)
498 http cache styled-jsx@https://registry.npmjs.org/styled-jsx/-/styled-jsx-5.1.1.tgz 0ms (cache hit)
499 http cache text-table@https://registry.npmjs.org/text-table/-/text-table-0.2.0.tgz 0ms (cache hit)
500 http cache supports-preserve-symlinks-flag@https://registry.npmjs.org/supports-preserve-symlinks-flag/-/supports-preserve-symlinks-flag-1.0.0.tgz 0ms (cache hit)
501 http cache strip-ansi-cjs@https://registry.npmjs.org/strip-ansi/-/strip-ansi-6.0.1.tgz 0ms (cache hit)
502 http cache sucrase@https://registry.npmjs.org/sucrase/-/sucrase-3.35.1.tgz 0ms (cache hit)
503 http cache strip-ansi@https://registry.npmjs.org/strip-ansi/-/strip-ansi-6.0.1.tgz 0ms (cache hit)
504 http cache string.prototype.trimend@https://registry.npmjs.org/string.prototype.trimend/-/string.prototype.trimend-1.0.9.tgz 0ms (cache hit)
505 http cache strip-bom@https://registry.npmjs.org/strip-bom/-/strip-bom-3.0.0.tgz 0ms (cache hit)
506 http cache string.prototype.matchall@https://registry.npmjs.org/string.prototype.matchall/-/string.prototype.matchall-4.0.12.tgz 0ms (cache hit)
507 http cache string.prototype.trimstart@https://registry.npmjs.org/string.prototype.trimstart/-/string.prototype.trimstart-1.0.8.tgz 0ms (cache hit)
508 http cache string.prototype.includes@https://registry.npmjs.org/string.prototype.includes/-/string.prototype.includes-2.0.1.tgz 0ms (cache hit)
509 http cache string.prototype.repeat@https://registry.npmjs.org/string.prototype.repeat/-/string.prototype.repeat-1.0.0.tgz 0ms (cache hit)
510 http cache string.prototype.trim@https://registry.npmjs.org/string.prototype.trim/-/string.prototype.trim-1.2.10.tgz 0ms (cache hit)
511 http cache string-width-cjs@https://registry.npmjs.org/string-width/-/string-width-4.2.3.tgz 0ms (cache hit)
512 http cache string-width@https://registry.npmjs.org/string-width/-/string-width-5.1.2.tgz 0ms (cache hit)
513 http cache stop-iteration-iterator@https://registry.npmjs.org/stop-iteration-iterator/-/stop-iteration-iterator-1.1.0.tgz 0ms (cache hit)
514 http cache streamsearch@https://registry.npmjs.org/streamsearch/-/streamsearch-1.1.0.tgz 0ms (cache hit)
515 http cache stable-hash@https://registry.npmjs.org/stable-hash/-/stable-hash-0.0.5.tgz 1ms (cache hit)
516 http cache socket.io-client@https://registry.npmjs.org/socket.io-client/-/socket.io-client-4.8.3.tgz 0ms (cache hit)
517 http cache socket.io-parser@https://registry.npmjs.org/socket.io-parser/-/socket.io-parser-4.2.5.tgz 0ms (cache hit)
518 http cache signal-exit@https://registry.npmjs.org/signal-exit/-/signal-exit-4.1.0.tgz 0ms (cache hit)
519 http cache socket.io@https://registry.npmjs.org/socket.io/-/socket.io-4.8.3.tgz 0ms (cache hit)
520 http cache socket.io-adapter@https://registry.npmjs.org/socket.io-adapter/-/socket.io-adapter-2.5.6.tgz 0ms (cache hit)
521 http cache side-channel-weakmap@https://registry.npmjs.org/side-channel-weakmap/-/side-channel-weakmap-1.0.2.tgz 0ms (cache hit)
522 http cache slash@https://registry.npmjs.org/slash/-/slash-3.0.0.tgz 0ms (cache hit)
523 http cache side-channel-map@https://registry.npmjs.org/side-channel-map/-/side-channel-map-1.0.1.tgz 0ms (cache hit)
524 http cache side-channel@https://registry.npmjs.org/side-channel/-/side-channel-1.1.0.tgz 0ms (cache hit)
525 http cache side-channel-list@https://registry.npmjs.org/side-channel-list/-/side-channel-list-1.0.0.tgz 0ms (cache hit)
526 http cache set-function-name@https://registry.npmjs.org/set-function-name/-/set-function-name-2.0.2.tgz 0ms (cache hit)
527 http cache scheduler@https://registry.npmjs.org/scheduler/-/scheduler-0.23.2.tgz 0ms (cache hit)
528 http cache set-function-length@https://registry.npmjs.org/set-function-length/-/set-function-length-1.2.2.tgz 0ms (cache hit)
529 http cache safe-regex-test@https://registry.npmjs.org/safe-regex-test/-/safe-regex-test-1.1.0.tgz 1ms (cache hit)
530 http cache set-proto@https://registry.npmjs.org/set-proto/-/set-proto-1.0.0.tgz 0ms (cache hit)
531 http cache safe-push-apply@https://registry.npmjs.org/safe-push-apply/-/safe-push-apply-1.0.0.tgz 0ms (cache hit)
532 http cache run-parallel@https://registry.npmjs.org/run-parallel/-/run-parallel-1.2.0.tgz 0ms (cache hit)
533 http cache rimraf@https://registry.npmjs.org/rimraf/-/rimraf-3.0.2.tgz 0ms (cache hit)
534 http cache resolve@https://registry.npmjs.org/resolve/-/resolve-1.22.11.tgz 0ms (cache hit)
535 http cache safe-array-concat@https://registry.npmjs.org/safe-array-concat/-/safe-array-concat-1.1.3.tgz 0ms (cache hit)
536 http cache resolve-pkg-maps@https://registry.npmjs.org/resolve-pkg-maps/-/resolve-pkg-maps-1.0.0.tgz 0ms (cache hit)
537 http cache reusify@https://registry.npmjs.org/reusify/-/reusify-1.1.0.tgz 0ms (cache hit)
538 http cache regexp.prototype.flags@https://registry.npmjs.org/regexp.prototype.flags/-/regexp.prototype.flags-1.5.4.tgz 0ms (cache hit)
539 http cache reflect.getprototypeof@https://registry.npmjs.org/reflect.getprototypeof/-/reflect.getprototypeof-1.0.10.tgz 0ms (cache hit)
540 http cache readdirp@https://registry.npmjs.org/readdirp/-/readdirp-3.6.0.tgz 0ms (cache hit)
541 http cache react-is@https://registry.npmjs.org/react-is/-/react-is-16.13.1.tgz 0ms (cache hit)
542 http cache read-cache@https://registry.npmjs.org/read-cache/-/read-cache-1.0.0.tgz 0ms (cache hit)
543 http cache react@https://registry.npmjs.org/react/-/react-18.3.1.tgz 0ms (cache hit)
544 http cache react-dom@https://registry.npmjs.org/react-dom/-/react-dom-18.3.1.tgz 0ms (cache hit)
545 http cache postcss-value-parser@https://registry.npmjs.org/postcss-value-parser/-/postcss-value-parser-4.2.0.tgz 0ms (cache hit)
546 http cache queue-microtask@https://registry.npmjs.org/queue-microtask/-/queue-microtask-1.2.3.tgz 0ms (cache hit)
547 http cache prop-types@https://registry.npmjs.org/prop-types/-/prop-types-15.8.1.tgz 0ms (cache hit)
548 http cache postcss-load-config@https://registry.npmjs.org/postcss-load-config/-/postcss-load-config-6.0.1.tgz 0ms (cache hit)
549 http cache postcss-selector-parser@https://registry.npmjs.org/postcss-selector-parser/-/postcss-selector-parser-6.1.2.tgz 0ms (cache hit)
550 http cache postcss-nested@https://registry.npmjs.org/postcss-nested/-/postcss-nested-6.2.0.tgz 0ms (cache hit)
551 http cache postcss-js@https://registry.npmjs.org/postcss-js/-/postcss-js-4.1.0.tgz 0ms (cache hit)
552 http cache postcss-import@https://registry.npmjs.org/postcss-import/-/postcss-import-15.1.0.tgz 0ms (cache hit)
553 http cache postcss@https://registry.npmjs.org/postcss/-/postcss-8.5.8.tgz 0ms (cache hit)
554 http cache pify@https://registry.npmjs.org/pify/-/pify-2.3.0.tgz 0ms (cache hit)
555 http cache possible-typed-array-names@https://registry.npmjs.org/possible-typed-array-names/-/possible-typed-array-names-1.1.0.tgz 0ms (cache hit)
556 http cache path-type@https://registry.npmjs.org/path-type/-/path-type-4.0.0.tgz 0ms (cache hit)
557 http cache pirates@https://registry.npmjs.org/pirates/-/pirates-4.0.7.tgz 0ms (cache hit)
558 http cache picomatch@https://registry.npmjs.org/picomatch/-/picomatch-2.3.1.tgz 0ms (cache hit)
559 http cache path-parse@https://registry.npmjs.org/path-parse/-/path-parse-1.0.7.tgz 0ms (cache hit)
560 http cache path-scurry@https://registry.npmjs.org/path-scurry/-/path-scurry-1.11.1.tgz 0ms (cache hit)
561 http cache own-keys@https://registry.npmjs.org/own-keys/-/own-keys-1.0.1.tgz 0ms (cache hit)
562 http cache path-is-absolute@https://registry.npmjs.org/path-is-absolute/-/path-is-absolute-1.0.1.tgz 0ms (cache hit)
563 http cache once@https://registry.npmjs.org/once/-/once-1.4.0.tgz 0ms (cache hit)
564 http cache object.groupby@https://registry.npmjs.org/object.groupby/-/object.groupby-1.0.3.tgz 0ms (cache hit)
565 http cache object.values@https://registry.npmjs.org/object.values/-/object.values-1.2.1.tgz 0ms (cache hit)
566 http cache object.entries@https://registry.npmjs.org/object.entries/-/object.entries-1.1.9.tgz 0ms (cache hit)
567 http cache object-keys@https://registry.npmjs.org/object-keys/-/object-keys-1.1.1.tgz 0ms (cache hit)
568 http cache object.assign@https://registry.npmjs.org/object.assign/-/object.assign-4.1.7.tgz 0ms (cache hit)
569 http cache object-inspect@https://registry.npmjs.org/object-inspect/-/object-inspect-1.13.4.tgz 0ms (cache hit)
570 http cache object.fromentries@https://registry.npmjs.org/object.fromentries/-/object.fromentries-2.0.8.tgz 0ms (cache hit)
571 http cache object-assign@https://registry.npmjs.org/object-assign/-/object-assign-4.1.1.tgz 0ms (cache hit)
572 http cache object-hash@https://registry.npmjs.org/object-hash/-/object-hash-3.0.0.tgz 0ms (cache hit)
573 http cache normalize-path@https://registry.npmjs.org/normalize-path/-/normalize-path-3.0.0.tgz 0ms (cache hit)
574 http cache node-releases@https://registry.npmjs.org/node-releases/-/node-releases-2.0.36.tgz 0ms (cache hit)
575 http cache node-exports-info@https://registry.npmjs.org/node-exports-info/-/node-exports-info-1.6.0.tgz 0ms (cache hit)
576 http cache mz@https://registry.npmjs.org/mz/-/mz-2.7.0.tgz 0ms (cache hit)
577 http cache next@https://registry.npmjs.org/next/-/next-14.2.35.tgz 0ms (cache hit)
578 http cache negotiator@https://registry.npmjs.org/negotiator/-/negotiator-0.6.3.tgz 0ms (cache hit)
579 http cache napi-postinstall@https://registry.npmjs.org/napi-postinstall/-/napi-postinstall-0.3.4.tgz 0ms (cache hit)
580 http cache minipass@https://registry.npmjs.org/minipass/-/minipass-7.1.3.tgz 0ms (cache hit)
581 http cache mime-db@https://registry.npmjs.org/mime-db/-/mime-db-1.52.0.tgz 0ms (cache hit)
582 http cache minimist@https://registry.npmjs.org/minimist/-/minimist-1.2.8.tgz 0ms (cache hit)
583 http cache minimatch@https://registry.npmjs.org/minimatch/-/minimatch-9.0.3.tgz 0ms (cache hit)
584 http cache micromatch@https://registry.npmjs.org/micromatch/-/micromatch-4.0.8.tgz 0ms (cache hit)
585 http cache mime-types@https://registry.npmjs.org/mime-types/-/mime-types-2.1.35.tgz 0ms (cache hit)
586 http cache lru-cache@https://registry.npmjs.org/lru-cache/-/lru-cache-10.4.3.tgz 0ms (cache hit)
587 http cache merge2@https://registry.npmjs.org/merge2/-/merge2-1.4.1.tgz 0ms (cache hit)
588 http cache math-intrinsics@https://registry.npmjs.org/math-intrinsics/-/math-intrinsics-1.1.0.tgz 0ms (cache hit)
589 http cache lines-and-columns@https://registry.npmjs.org/lines-and-columns/-/lines-and-columns-1.2.4.tgz 0ms (cache hit)
590 http cache loose-envify@https://registry.npmjs.org/loose-envify/-/loose-envify-1.4.0.tgz 0ms (cache hit)
591 http cache language-subtag-registry@https://registry.npmjs.org/language-subtag-registry/-/language-subtag-registry-0.3.23.tgz 0ms (cache hit)
592 http cache lilconfig@https://registry.npmjs.org/lilconfig/-/lilconfig-3.1.3.tgz 0ms (cache hit)
593 http cache language-tags@https://registry.npmjs.org/language-tags/-/language-tags-1.0.9.tgz 0ms (cache hit)
594 http cache json5@https://registry.npmjs.org/json5/-/json5-1.0.2.tgz 0ms (cache hit)
595 http cache jsx-ast-utils@https://registry.npmjs.org/jsx-ast-utils/-/jsx-ast-utils-3.3.5.tgz 0ms (cache hit)
596 http cache iterator.prototype@https://registry.npmjs.org/iterator.prototype/-/iterator.prototype-1.1.5.tgz 0ms (cache hit)
597 http cache jiti@https://registry.npmjs.org/jiti/-/jiti-1.21.7.tgz 0ms (cache hit)
598 http cache jackspeak@https://registry.npmjs.org/jackspeak/-/jackspeak-2.3.6.tgz 0ms (cache hit)
599 http cache isarray@https://registry.npmjs.org/isarray/-/isarray-2.0.5.tgz 0ms (cache hit)
600 http cache is-weakset@https://registry.npmjs.org/is-weakset/-/is-weakset-2.0.4.tgz 0ms (cache hit)
601 http cache is-weakref@https://registry.npmjs.org/is-weakref/-/is-weakref-1.1.1.tgz 0ms (cache hit)
602 http cache is-symbol@https://registry.npmjs.org/is-symbol/-/is-symbol-1.1.1.tgz 0ms (cache hit)
603 http cache is-weakmap@https://registry.npmjs.org/is-weakmap/-/is-weakmap-2.0.2.tgz 0ms (cache hit)
604 http cache is-typed-array@https://registry.npmjs.org/is-typed-array/-/is-typed-array-1.1.15.tgz 0ms (cache hit)
605 http cache is-shared-array-buffer@https://registry.npmjs.org/is-shared-array-buffer/-/is-shared-array-buffer-1.0.4.tgz 0ms (cache hit)
606 http cache is-string@https://registry.npmjs.org/is-string/-/is-string-1.1.1.tgz 0ms (cache hit)
607 http cache is-set@https://registry.npmjs.org/is-set/-/is-set-2.0.3.tgz 0ms (cache hit)
608 http cache is-regex@https://registry.npmjs.org/is-regex/-/is-regex-1.2.1.tgz 0ms (cache hit)
609 http cache is-negative-zero@https://registry.npmjs.org/is-negative-zero/-/is-negative-zero-2.0.3.tgz 1ms (cache hit)
610 http cache is-path-inside@https://registry.npmjs.org/is-path-inside/-/is-path-inside-3.0.3.tgz 0ms (cache hit)
611 http cache is-number-object@https://registry.npmjs.org/is-number-object/-/is-number-object-1.1.1.tgz 0ms (cache hit)
612 http cache is-number@https://registry.npmjs.org/is-number/-/is-number-7.0.0.tgz 0ms (cache hit)
613 http cache is-map@https://registry.npmjs.org/is-map/-/is-map-2.0.3.tgz 0ms (cache hit)
614 http cache is-generator-function@https://registry.npmjs.org/is-generator-function/-/is-generator-function-1.1.2.tgz 0ms (cache hit)
615 http cache is-fullwidth-code-point@https://registry.npmjs.org/is-fullwidth-code-point/-/is-fullwidth-code-point-3.0.0.tgz 0ms (cache hit)
616 http cache is-date-object@https://registry.npmjs.org/is-date-object/-/is-date-object-1.1.0.tgz 0ms (cache hit)
617 http cache is-finalizationregistry@https://registry.npmjs.org/is-finalizationregistry/-/is-finalizationregistry-1.1.1.tgz 0ms (cache hit)
618 http cache is-core-module@https://registry.npmjs.org/is-core-module/-/is-core-module-2.16.1.tgz 0ms (cache hit)
619 http cache is-data-view@https://registry.npmjs.org/is-data-view/-/is-data-view-1.0.2.tgz 0ms (cache hit)
620 http cache is-bun-module@https://registry.npmjs.org/is-bun-module/-/is-bun-module-2.0.0.tgz 0ms (cache hit)
621 http cache is-boolean-object@https://registry.npmjs.org/is-boolean-object/-/is-boolean-object-1.2.2.tgz 0ms (cache hit)
622 http cache is-callable@https://registry.npmjs.org/is-callable/-/is-callable-1.2.7.tgz 0ms (cache hit)
623 http cache is-array-buffer@https://registry.npmjs.org/is-array-buffer/-/is-array-buffer-3.0.5.tgz 0ms (cache hit)
624 http cache is-binary-path@https://registry.npmjs.org/is-binary-path/-/is-binary-path-2.1.0.tgz 0ms (cache hit)
625 http cache is-async-function@https://registry.npmjs.org/is-async-function/-/is-async-function-2.1.1.tgz 0ms (cache hit)
626 http cache internal-slot@https://registry.npmjs.org/internal-slot/-/internal-slot-1.1.0.tgz 0ms (cache hit)
627 http cache is-bigint@https://registry.npmjs.org/is-bigint/-/is-bigint-1.1.0.tgz 0ms (cache hit)
628 http cache inherits@https://registry.npmjs.org/inherits/-/inherits-2.0.4.tgz 0ms (cache hit)
629 http cache hasown@https://registry.npmjs.org/hasown/-/hasown-2.0.2.tgz 0ms (cache hit)
630 http cache inflight@https://registry.npmjs.org/inflight/-/inflight-1.0.6.tgz 0ms (cache hit)
631 http cache has-proto@https://registry.npmjs.org/has-proto/-/has-proto-1.2.0.tgz 0ms (cache hit)
632 http cache has-tostringtag@https://registry.npmjs.org/has-tostringtag/-/has-tostringtag-1.0.2.tgz 0ms (cache hit)
633 http cache has-symbols@https://registry.npmjs.org/has-symbols/-/has-symbols-1.1.0.tgz 0ms (cache hit)
634 http cache has-bigints@https://registry.npmjs.org/has-bigints/-/has-bigints-1.1.0.tgz 0ms (cache hit)
635 http cache has-property-descriptors@https://registry.npmjs.org/has-property-descriptors/-/has-property-descriptors-1.0.2.tgz 0ms (cache hit)
636 http cache gopd@https://registry.npmjs.org/gopd/-/gopd-1.2.0.tgz 0ms (cache hit)
637 http cache graphemer@https://registry.npmjs.org/graphemer/-/graphemer-1.4.0.tgz 0ms (cache hit)
638 http cache graceful-fs@https://registry.npmjs.org/graceful-fs/-/graceful-fs-4.2.11.tgz 0ms (cache hit)
639 http cache globby@https://registry.npmjs.org/globby/-/globby-11.1.0.tgz 0ms (cache hit)
640 http cache globalthis@https://registry.npmjs.org/globalthis/-/globalthis-1.0.4.tgz 0ms (cache hit)
641 http cache globals@https://registry.npmjs.org/globals/-/globals-13.24.0.tgz 0ms (cache hit)
642 http cache glob@https://registry.npmjs.org/glob/-/glob-10.3.10.tgz 0ms (cache hit)
643 http cache get-symbol-description@https://registry.npmjs.org/get-symbol-description/-/get-symbol-description-1.1.0.tgz 0ms (cache hit)
644 http cache get-tsconfig@https://registry.npmjs.org/get-tsconfig/-/get-tsconfig-4.13.6.tgz 0ms (cache hit)
645 http cache generator-function@https://registry.npmjs.org/generator-function/-/generator-function-2.0.1.tgz 0ms (cache hit)
646 http cache get-intrinsic@https://registry.npmjs.org/get-intrinsic/-/get-intrinsic-1.3.0.tgz 0ms (cache hit)
647 http cache functions-have-names@https://registry.npmjs.org/functions-have-names/-/functions-have-names-1.2.3.tgz 0ms (cache hit)
648 http cache get-proto@https://registry.npmjs.org/get-proto/-/get-proto-1.0.1.tgz 0ms (cache hit)
649 http cache function.prototype.name@https://registry.npmjs.org/function.prototype.name/-/function.prototype.name-1.1.8.tgz 0ms (cache hit)
650 http cache foreground-child@https://registry.npmjs.org/foreground-child/-/foreground-child-3.3.1.tgz 0ms (cache hit)
651 http cache fs.realpath@https://registry.npmjs.org/fs.realpath/-/fs.realpath-1.0.0.tgz 0ms (cache hit)
652 http cache function-bind@https://registry.npmjs.org/function-bind/-/function-bind-1.1.2.tgz 0ms (cache hit)
653 http cache fraction.js@https://registry.npmjs.org/fraction.js/-/fraction.js-5.3.4.tgz 0ms (cache hit)
654 http cache for-each@https://registry.npmjs.org/for-each/-/for-each-0.3.5.tgz 0ms (cache hit)
655 http cache flat-cache@https://registry.npmjs.org/flat-cache/-/flat-cache-3.2.0.tgz 0ms (cache hit)
656 http cache flatted@https://registry.npmjs.org/flatted/-/flatted-3.3.4.tgz 0ms (cache hit)
657 http cache fastq@https://registry.npmjs.org/fastq/-/fastq-1.20.1.tgz 0ms (cache hit)
658 http cache file-entry-cache@https://registry.npmjs.org/file-entry-cache/-/file-entry-cache-6.0.1.tgz 0ms (cache hit)
659 http cache fill-range@https://registry.npmjs.org/fill-range/-/fill-range-7.1.1.tgz 0ms (cache hit)
660 http cache fast-glob@https://registry.npmjs.org/fast-glob/-/fast-glob-3.3.3.tgz 0ms (cache hit)
661 http cache espree@https://registry.npmjs.org/espree/-/espree-9.6.1.tgz 0ms (cache hit)
662 http cache eslint-plugin-react-hooks@https://registry.npmjs.org/eslint-plugin-react-hooks/-/eslint-plugin-react-hooks-5.0.0-canary-7118f5dd7-20230705.tgz 0ms (cache hit)
663 http cache eslint-scope@https://registry.npmjs.org/eslint-scope/-/eslint-scope-7.2.2.tgz 0ms (cache hit)
664 http cache eslint-plugin-import@https://registry.npmjs.org/eslint-plugin-import/-/eslint-plugin-import-2.32.0.tgz 0ms (cache hit)
665 http cache eslint-plugin-react@https://registry.npmjs.org/eslint-plugin-react/-/eslint-plugin-react-7.37.5.tgz 0ms (cache hit)
666 http cache eslint-plugin-jsx-a11y@https://registry.npmjs.org/eslint-plugin-jsx-a11y/-/eslint-plugin-jsx-a11y-6.10.2.tgz 0ms (cache hit)
667 http cache eslint-import-resolver-node@https://registry.npmjs.org/eslint-import-resolver-node/-/eslint-import-resolver-node-0.3.9.tgz 0ms (cache hit)
668 http cache eslint-module-utils@https://registry.npmjs.org/eslint-module-utils/-/eslint-module-utils-2.12.1.tgz 0ms (cache hit)
669 http cache eslint-config-next@https://registry.npmjs.org/eslint-config-next/-/eslint-config-next-14.2.35.tgz 0ms (cache hit)
670 http cache eslint@https://registry.npmjs.org/eslint/-/eslint-8.57.1.tgz 0ms (cache hit)
671 http cache es-to-primitive@https://registry.npmjs.org/es-to-primitive/-/es-to-primitive-1.3.0.tgz 0ms (cache hit)
672 http cache es-shim-unscopables@https://registry.npmjs.org/es-shim-unscopables/-/es-shim-unscopables-1.1.0.tgz 0ms (cache hit)
673 http cache es-errors@https://registry.npmjs.org/es-errors/-/es-errors-1.3.0.tgz 0ms (cache hit)
674 http cache es-set-tostringtag@https://registry.npmjs.org/es-set-tostringtag/-/es-set-tostringtag-2.1.0.tgz 0ms (cache hit)
675 http cache es-object-atoms@https://registry.npmjs.org/es-object-atoms/-/es-object-atoms-1.1.1.tgz 0ms (cache hit)
676 http cache es-iterator-helpers@https://registry.npmjs.org/es-iterator-helpers/-/es-iterator-helpers-1.2.2.tgz 0ms (cache hit)
677 http cache es-abstract@https://registry.npmjs.org/es-abstract/-/es-abstract-1.24.1.tgz 0ms (cache hit)
678 http cache engine.io-parser@https://registry.npmjs.org/engine.io-parser/-/engine.io-parser-5.2.3.tgz 0ms (cache hit)
679 http cache es-define-property@https://registry.npmjs.org/es-define-property/-/es-define-property-1.0.1.tgz 0ms (cache hit)
680 http cache engine.io@https://registry.npmjs.org/engine.io/-/engine.io-6.6.5.tgz 0ms (cache hit)
681 http cache engine.io-client@https://registry.npmjs.org/engine.io-client/-/engine.io-client-6.6.4.tgz 0ms (cache hit)
682 http cache eastasianwidth@https://registry.npmjs.org/eastasianwidth/-/eastasianwidth-0.2.0.tgz 0ms (cache hit)
683 http cache emoji-regex@https://registry.npmjs.org/emoji-regex/-/emoji-regex-9.2.2.tgz 0ms (cache hit)
684 http cache electron-to-chromium@https://registry.npmjs.org/electron-to-chromium/-/electron-to-chromium-1.5.307.tgz 0ms (cache hit)
685 http cache dunder-proto@https://registry.npmjs.org/dunder-proto/-/dunder-proto-1.0.1.tgz 0ms (cache hit)
686 http cache doctrine@https://registry.npmjs.org/doctrine/-/doctrine-3.0.0.tgz 0ms (cache hit)
687 http cache dlv@https://registry.npmjs.org/dlv/-/dlv-1.1.3.tgz 0ms (cache hit)
688 http cache dir-glob@https://registry.npmjs.org/dir-glob/-/dir-glob-3.0.1.tgz 0ms (cache hit)
689 http cache define-properties@https://registry.npmjs.org/define-properties/-/define-properties-1.2.1.tgz 0ms (cache hit)
690 http cache didyoumean@https://registry.npmjs.org/didyoumean/-/didyoumean-1.2.2.tgz 0ms (cache hit)
691 http cache data-view-byte-length@https://registry.npmjs.org/data-view-byte-length/-/data-view-byte-length-1.0.2.tgz 0ms (cache hit)
692 http cache define-data-property@https://registry.npmjs.org/define-data-property/-/define-data-property-1.1.4.tgz 0ms (cache hit)
693 http cache data-view-byte-offset@https://registry.npmjs.org/data-view-byte-offset/-/data-view-byte-offset-1.0.1.tgz 0ms (cache hit)
694 http cache data-view-buffer@https://registry.npmjs.org/data-view-buffer/-/data-view-buffer-1.0.2.tgz 0ms (cache hit)
695 http cache damerau-levenshtein@https://registry.npmjs.org/damerau-levenshtein/-/damerau-levenshtein-1.0.8.tgz 0ms (cache hit)
696 http cache commander@https://registry.npmjs.org/commander/-/commander-4.1.1.tgz 0ms (cache hit)
697 http cache cors@https://registry.npmjs.org/cors/-/cors-2.8.6.tgz 0ms (cache hit)
698 http cache cssesc@https://registry.npmjs.org/cssesc/-/cssesc-3.0.0.tgz 0ms (cache hit)
699 http cache cookie@https://registry.npmjs.org/cookie/-/cookie-0.7.2.tgz 0ms (cache hit)
700 http cache client-only@https://registry.npmjs.org/client-only/-/client-only-0.0.1.tgz 0ms (cache hit)
701 http cache chokidar@https://registry.npmjs.org/chokidar/-/chokidar-3.6.0.tgz 0ms (cache hit)
702 http cache call-bound@https://registry.npmjs.org/call-bound/-/call-bound-1.0.4.tgz 0ms (cache hit)
703 http cache caniuse-lite@https://registry.npmjs.org/caniuse-lite/-/caniuse-lite-1.0.30001776.tgz 0ms (cache hit)
704 http cache camelcase-css@https://registry.npmjs.org/camelcase-css/-/camelcase-css-2.0.1.tgz 0ms (cache hit)
705 http cache call-bind@https://registry.npmjs.org/call-bind/-/call-bind-1.0.8.tgz 0ms (cache hit)
706 http cache call-bind-apply-helpers@https://registry.npmjs.org/call-bind-apply-helpers/-/call-bind-apply-helpers-1.0.2.tgz 0ms (cache hit)
707 http cache busboy@https://registry.npmjs.org/busboy/-/busboy-1.6.0.tgz 0ms (cache hit)
708 http cache browserslist@https://registry.npmjs.org/browserslist/-/browserslist-4.28.1.tgz 0ms (cache hit)
709 http cache brace-expansion@https://registry.npmjs.org/brace-expansion/-/brace-expansion-2.0.2.tgz 0ms (cache hit)
710 http cache braces@https://registry.npmjs.org/braces/-/braces-3.0.3.tgz 0ms (cache hit)
711 http cache baseline-browser-mapping@https://registry.npmjs.org/baseline-browser-mapping/-/baseline-browser-mapping-2.10.0.tgz 0ms (cache hit)
712 http cache binary-extensions@https://registry.npmjs.org/binary-extensions/-/binary-extensions-2.3.0.tgz 0ms (cache hit)
713 http cache base64id@https://registry.npmjs.org/base64id/-/base64id-2.0.0.tgz 0ms (cache hit)
714 http cache axobject-query@https://registry.npmjs.org/axobject-query/-/axobject-query-4.1.0.tgz 0ms (cache hit)
715 http cache axe-core@https://registry.npmjs.org/axe-core/-/axe-core-4.11.1.tgz 0ms (cache hit)
716 http cache autoprefixer@https://registry.npmjs.org/autoprefixer/-/autoprefixer-10.4.27.tgz 0ms (cache hit)
717 http cache available-typed-arrays@https://registry.npmjs.org/available-typed-arrays/-/available-typed-arrays-1.0.7.tgz 0ms (cache hit)
718 http cache ast-types-flow@https://registry.npmjs.org/ast-types-flow/-/ast-types-flow-0.0.8.tgz 0ms (cache hit)
719 http cache async-function@https://registry.npmjs.org/async-function/-/async-function-1.0.0.tgz 0ms (cache hit)
720 http cache array.prototype.flatmap@https://registry.npmjs.org/array.prototype.flatmap/-/array.prototype.flatmap-1.3.3.tgz 0ms (cache hit)
721 http cache array.prototype.tosorted@https://registry.npmjs.org/array.prototype.tosorted/-/array.prototype.tosorted-1.1.4.tgz 1ms (cache hit)
722 http cache arraybuffer.prototype.slice@https://registry.npmjs.org/arraybuffer.prototype.slice/-/arraybuffer.prototype.slice-1.0.4.tgz 0ms (cache hit)
723 http cache array.prototype.flat@https://registry.npmjs.org/array.prototype.flat/-/array.prototype.flat-1.3.3.tgz 0ms (cache hit)
724 http cache array.prototype.findlastindex@https://registry.npmjs.org/array.prototype.findlastindex/-/array.prototype.findlastindex-1.2.6.tgz 0ms (cache hit)
725 http cache array-union@https://registry.npmjs.org/array-union/-/array-union-2.1.0.tgz 0ms (cache hit)
726 http cache array-includes@https://registry.npmjs.org/array-includes/-/array-includes-3.1.9.tgz 0ms (cache hit)
727 http cache array.prototype.findlast@https://registry.npmjs.org/array.prototype.findlast/-/array.prototype.findlast-1.2.5.tgz 0ms (cache hit)
728 http cache array-buffer-byte-length@https://registry.npmjs.org/array-buffer-byte-length/-/array-buffer-byte-length-1.0.2.tgz 0ms (cache hit)
729 http cache aria-query@https://registry.npmjs.org/aria-query/-/aria-query-5.3.2.tgz 0ms (cache hit)
730 http cache any-promise@https://registry.npmjs.org/any-promise/-/any-promise-1.3.0.tgz 0ms (cache hit)
731 http cache arg@https://registry.npmjs.org/arg/-/arg-5.0.2.tgz 0ms (cache hit)
732 http cache anymatch@https://registry.npmjs.org/anymatch/-/anymatch-3.1.3.tgz 0ms (cache hit)
733 http cache accepts@https://registry.npmjs.org/accepts/-/accepts-1.3.8.tgz 1ms (cache hit)
734 http cache ansi-regex@https://registry.npmjs.org/ansi-regex/-/ansi-regex-5.0.1.tgz 0ms (cache hit)
735 http cache brace-expansion@https://registry.npmjs.org/brace-expansion/-/brace-expansion-1.1.12.tgz 0ms (cache hit)
736 http cache ansi-regex@https://registry.npmjs.org/ansi-regex/-/ansi-regex-6.2.2.tgz 0ms (cache hit)
737 http cache strip-ansi@https://registry.npmjs.org/strip-ansi/-/strip-ansi-7.2.0.tgz 0ms (cache hit)
738 http cache brace-expansion@https://registry.npmjs.org/brace-expansion/-/brace-expansion-1.1.12.tgz 0ms (cache hit)
739 http cache string-width@https://registry.npmjs.org/string-width/-/string-width-4.2.3.tgz 0ms (cache hit)
740 http cache emoji-regex@https://registry.npmjs.org/emoji-regex/-/emoji-regex-8.0.0.tgz 0ms (cache hit)
741 http cache strip-ansi@https://registry.npmjs.org/strip-ansi/-/strip-ansi-7.2.0.tgz 0ms (cache hit)
742 http cache ansi-styles@https://registry.npmjs.org/ansi-styles/-/ansi-styles-6.2.3.tgz 0ms (cache hit)
743 http cache ansi-regex@https://registry.npmjs.org/ansi-regex/-/ansi-regex-6.2.2.tgz 0ms (cache hit)
744 http cache emoji-regex@https://registry.npmjs.org/emoji-regex/-/emoji-regex-8.0.0.tgz 0ms (cache hit)
745 http cache picomatch@https://registry.npmjs.org/picomatch/-/picomatch-4.0.3.tgz 0ms (cache hit)
746 http cache strip-ansi@https://registry.npmjs.org/strip-ansi/-/strip-ansi-7.2.0.tgz 0ms (cache hit)
747 http cache ansi-regex@https://registry.npmjs.org/ansi-regex/-/ansi-regex-6.2.2.tgz 0ms (cache hit)
748 http cache glob@https://registry.npmjs.org/glob/-/glob-7.2.3.tgz 0ms (cache hit)
749 http cache brace-expansion@https://registry.npmjs.org/brace-expansion/-/brace-expansion-1.1.12.tgz 0ms (cache hit)
750 http cache postcss@https://registry.npmjs.org/postcss/-/postcss-8.4.31.tgz 0ms (cache hit)
751 http cache semver@https://registry.npmjs.org/semver/-/semver-6.3.1.tgz 0ms (cache hit)
752 http cache glob-parent@https://registry.npmjs.org/glob-parent/-/glob-parent-5.1.2.tgz 0ms (cache hit)
753 http cache brace-expansion@https://registry.npmjs.org/brace-expansion/-/brace-expansion-1.1.12.tgz 0ms (cache hit)
754 http cache semver@https://registry.npmjs.org/semver/-/semver-6.3.1.tgz 1ms (cache hit)
755 http cache resolve@https://registry.npmjs.org/resolve/-/resolve-2.0.0-next.6.tgz 0ms (cache hit)
756 http cache doctrine@https://registry.npmjs.org/doctrine/-/doctrine-2.1.0.tgz 0ms (cache hit)
757 http cache brace-expansion@https://registry.npmjs.org/brace-expansion/-/brace-expansion-1.1.12.tgz 0ms (cache hit)
758 http cache doctrine@https://registry.npmjs.org/doctrine/-/doctrine-2.1.0.tgz 0ms (cache hit)
759 http cache semver@https://registry.npmjs.org/semver/-/semver-6.3.1.tgz 0ms (cache hit)
760 http cache debug@https://registry.npmjs.org/debug/-/debug-3.2.7.tgz 0ms (cache hit)
761 http cache brace-expansion@https://registry.npmjs.org/brace-expansion/-/brace-expansion-1.1.12.tgz 0ms (cache hit)
762 http cache brace-expansion@https://registry.npmjs.org/brace-expansion/-/brace-expansion-1.1.12.tgz 0ms (cache hit)
763 http cache debug@https://registry.npmjs.org/debug/-/debug-3.2.7.tgz 0ms (cache hit)
764 http cache debug@https://registry.npmjs.org/debug/-/debug-3.2.7.tgz 1ms (cache hit)
765 http cache eslint-import-resolver-typescript@https://registry.npmjs.org/eslint-import-resolver-typescript/-/eslint-import-resolver-typescript-3.10.1.tgz 0ms (cache hit)
766 http cache glob-parent@https://registry.npmjs.org/glob-parent/-/glob-parent-5.1.2.tgz 0ms (cache hit)
767 silly tarball no local data for which@https://registry.npmjs.org/which/-/which-2.0.2.tgz. Extracting by manifest.
768 silly tarball no local data for semver@https://registry.npmjs.org/semver/-/semver-7.7.4.tgz. Extracting by manifest.
769 silly tarball no local data for nanoid@https://registry.npmjs.org/nanoid/-/nanoid-3.3.11.tgz. Extracting by manifest.
770 silly tarball no local data for update-browserslist-db@https://registry.npmjs.org/update-browserslist-db/-/update-browserslist-db-1.2.3.tgz. Extracting by manifest.
771 silly tarball no local data for js-yaml@https://registry.npmjs.org/js-yaml/-/js-yaml-4.1.1.tgz. Extracting by manifest.
772 silly tarball no local data for acorn@https://registry.npmjs.org/acorn/-/acorn-8.16.0.tgz. Extracting by manifest.
773 silly tarball no local data for @ungap/structured-clone@https://registry.npmjs.org/@ungap/structured-clone/-/structured-clone-1.3.0.tgz. Extracting by manifest.
774 silly tarball no local data for @unrs/resolver-binding-linux-x64-gnu@https://registry.npmjs.org/@unrs/resolver-binding-linux-x64-gnu/-/resolver-binding-linux-x64-gnu-1.11.1.tgz. Extracting by manifest.
775 silly tarball no local data for @typescript-eslint/visitor-keys@https://registry.npmjs.org/@typescript-eslint/visitor-keys/-/visitor-keys-6.21.0.tgz. Extracting by manifest.
776 silly tarball no local data for @typescript-eslint/utils@https://registry.npmjs.org/@typescript-eslint/utils/-/utils-6.21.0.tgz. Extracting by manifest.
777 silly tarball no local data for @typescript-eslint/type-utils@https://registry.npmjs.org/@typescript-eslint/type-utils/-/type-utils-6.21.0.tgz. Extracting by manifest.
778 silly tarball no local data for @typescript-eslint/typescript-estree@https://registry.npmjs.org/@typescript-eslint/typescript-estree/-/typescript-estree-6.21.0.tgz. Extracting by manifest.
779 silly tarball no local data for @typescript-eslint/types@https://registry.npmjs.org/@typescript-eslint/types/-/types-6.21.0.tgz. Extracting by manifest.
780 silly tarball no local data for @typescript-eslint/scope-manager@https://registry.npmjs.org/@typescript-eslint/scope-manager/-/scope-manager-6.21.0.tgz. Extracting by manifest.
781 silly tarball no local data for @typescript-eslint/parser@https://registry.npmjs.org/@typescript-eslint/parser/-/parser-6.21.0.tgz. Extracting by manifest.
782 silly tarball no local data for @typescript-eslint/eslint-plugin@https://registry.npmjs.org/@typescript-eslint/eslint-plugin/-/eslint-plugin-6.21.0.tgz. Extracting by manifest.
783 silly tarball no local data for @types/uuid@https://registry.npmjs.org/@types/uuid/-/uuid-9.0.8.tgz. Extracting by manifest.
784 silly tarball no local data for @unrs/resolver-binding-linux-x64-musl@https://registry.npmjs.org/@unrs/resolver-binding-linux-x64-musl/-/resolver-binding-linux-x64-musl-1.11.1.tgz. Extracting by manifest.
785 silly tarball no local data for @types/react@https://registry.npmjs.org/@types/react/-/react-18.3.28.tgz. Extracting by manifest.
786 silly tarball no local data for @types/semver@https://registry.npmjs.org/@types/semver/-/semver-7.7.1.tgz. Extracting by manifest.
787 silly tarball no local data for @types/react-dom@https://registry.npmjs.org/@types/react-dom/-/react-dom-18.3.7.tgz. Extracting by manifest.
788 silly tarball no local data for @types/node@https://registry.npmjs.org/@types/node/-/node-20.19.35.tgz. Extracting by manifest.
789 silly tarball no local data for @types/prop-types@https://registry.npmjs.org/@types/prop-types/-/prop-types-15.7.15.tgz. Extracting by manifest.
790 silly tarball no local data for @types/json5@https://registry.npmjs.org/@types/json5/-/json5-0.0.29.tgz. Extracting by manifest.
791 silly tarball no local data for @types/cors@https://registry.npmjs.org/@types/cors/-/cors-2.8.19.tgz. Extracting by manifest.
792 silly tarball no local data for @swc/helpers@https://registry.npmjs.org/@swc/helpers/-/helpers-0.5.5.tgz. Extracting by manifest.
793 silly tarball no local data for @swc/counter@https://registry.npmjs.org/@swc/counter/-/counter-0.1.3.tgz. Extracting by manifest.
794 silly tarball no local data for @rtsao/scc@https://registry.npmjs.org/@rtsao/scc/-/scc-1.1.0.tgz. Extracting by manifest.
795 silly tarball no local data for @socket.io/component-emitter@https://registry.npmjs.org/@socket.io/component-emitter/-/component-emitter-3.1.2.tgz. Extracting by manifest.
796 silly tarball no local data for @rushstack/eslint-patch@https://registry.npmjs.org/@rushstack/eslint-patch/-/eslint-patch-1.16.1.tgz. Extracting by manifest.
797 silly tarball no local data for @nolyfill/is-core-module@https://registry.npmjs.org/@nolyfill/is-core-module/-/is-core-module-1.0.39.tgz. Extracting by manifest.
798 silly tarball no local data for @pkgjs/parseargs@https://registry.npmjs.org/@pkgjs/parseargs/-/parseargs-0.11.0.tgz. Extracting by manifest.
799 silly tarball no local data for @nodelib/fs.scandir@https://registry.npmjs.org/@nodelib/fs.scandir/-/fs.scandir-2.1.5.tgz. Extracting by manifest.
800 silly tarball no local data for @nodelib/fs.walk@https://registry.npmjs.org/@nodelib/fs.walk/-/fs.walk-1.2.8.tgz. Extracting by manifest.
801 silly tarball no local data for @nodelib/fs.stat@https://registry.npmjs.org/@nodelib/fs.stat/-/fs.stat-2.0.5.tgz. Extracting by manifest.
802 silly tarball no local data for @next/swc-linux-x64-musl@https://registry.npmjs.org/@next/swc-linux-x64-musl/-/swc-linux-x64-musl-14.2.33.tgz. Extracting by manifest.
803 silly tarball no local data for @next/swc-linux-x64-gnu@https://registry.npmjs.org/@next/swc-linux-x64-gnu/-/swc-linux-x64-gnu-14.2.33.tgz. Extracting by manifest.
804 silly tarball no local data for @next/env@https://registry.npmjs.org/@next/env/-/env-14.2.35.tgz. Extracting by manifest.
805 silly tarball no local data for @next/eslint-plugin-next@https://registry.npmjs.org/@next/eslint-plugin-next/-/eslint-plugin-next-14.2.35.tgz. Extracting by manifest.
806 silly tarball no local data for @isaacs/cliui@https://registry.npmjs.org/@isaacs/cliui/-/cliui-8.0.2.tgz. Extracting by manifest.
807 silly tarball no local data for @napi-rs/wasm-runtime@https://registry.npmjs.org/@napi-rs/wasm-runtime/-/wasm-runtime-0.2.12.tgz. Extracting by manifest.
808 silly tarball no local data for @eslint/js@https://registry.npmjs.org/@eslint/js/-/js-8.57.1.tgz. Extracting by manifest.
809 silly tarball no local data for @humanwhocodes/object-schema@https://registry.npmjs.org/@humanwhocodes/object-schema/-/object-schema-2.0.3.tgz. Extracting by manifest.
810 silly tarball no local data for @humanwhocodes/config-array@https://registry.npmjs.org/@humanwhocodes/config-array/-/config-array-0.13.0.tgz. Extracting by manifest.
811 silly tarball no local data for @eslint/eslintrc@https://registry.npmjs.org/@eslint/eslintrc/-/eslintrc-2.1.4.tgz. Extracting by manifest.
812 silly tarball no local data for @emnapi/wasi-threads@https://registry.npmjs.org/@emnapi/wasi-threads/-/wasi-threads-1.1.0.tgz. Extracting by manifest.
813 silly tarball no local data for @emnapi/runtime@https://registry.npmjs.org/@emnapi/runtime/-/runtime-1.8.1.tgz. Extracting by manifest.
814 silly tarball no local data for @emnapi/core@https://registry.npmjs.org/@emnapi/core/-/core-1.8.1.tgz. Extracting by manifest.
815 silly tarball no local data for xmlhttprequest-ssl@https://registry.npmjs.org/xmlhttprequest-ssl/-/xmlhttprequest-ssl-2.1.2.tgz. Extracting by manifest.
816 silly tarball no local data for @alloc/quick-lru@https://registry.npmjs.org/@alloc/quick-lru/-/quick-lru-5.2.0.tgz. Extracting by manifest.
817 silly tarball no local data for ws@https://registry.npmjs.org/ws/-/ws-8.18.3.tgz. Extracting by manifest.
818 silly tarball no local data for wrap-ansi-cjs@https://registry.npmjs.org/wrap-ansi/-/wrap-ansi-7.0.0.tgz. Extracting by manifest.
819 silly tarball no local data for wrappy@https://registry.npmjs.org/wrappy/-/wrappy-1.0.2.tgz. Extracting by manifest.
820 silly tarball no local data for wrap-ansi@https://registry.npmjs.org/wrap-ansi/-/wrap-ansi-8.1.0.tgz. Extracting by manifest.
821 silly tarball no local data for which-collection@https://registry.npmjs.org/which-collection/-/which-collection-1.0.2.tgz. Extracting by manifest.
822 silly tarball no local data for which-typed-array@https://registry.npmjs.org/which-typed-array/-/which-typed-array-1.1.20.tgz. Extracting by manifest.
823 silly tarball no local data for which-builtin-type@https://registry.npmjs.org/which-builtin-type/-/which-builtin-type-1.2.1.tgz. Extracting by manifest.
824 silly tarball no local data for vary@https://registry.npmjs.org/vary/-/vary-1.1.2.tgz. Extracting by manifest.
825 silly tarball no local data for which-boxed-primitive@https://registry.npmjs.org/which-boxed-primitive/-/which-boxed-primitive-1.1.1.tgz. Extracting by manifest.
826 silly tarball no local data for unrs-resolver@https://registry.npmjs.org/unrs-resolver/-/unrs-resolver-1.11.1.tgz. Extracting by manifest.
827 silly tarball no local data for uuid@https://registry.npmjs.org/uuid/-/uuid-9.0.1.tgz. Extracting by manifest.
828 silly tarball no local data for util-deprecate@https://registry.npmjs.org/util-deprecate/-/util-deprecate-1.0.2.tgz. Extracting by manifest.
829 silly tarball no local data for unbox-primitive@https://registry.npmjs.org/unbox-primitive/-/unbox-primitive-1.1.0.tgz. Extracting by manifest.
830 silly tarball no local data for undici-types@https://registry.npmjs.org/undici-types/-/undici-types-6.21.0.tgz. Extracting by manifest.
831 silly tarball no local data for typed-array-byte-offset@https://registry.npmjs.org/typed-array-byte-offset/-/typed-array-byte-offset-1.0.4.tgz. Extracting by manifest.
832 silly tarball no local data for typescript@https://registry.npmjs.org/typescript/-/typescript-5.9.3.tgz. Extracting by manifest.
833 silly tarball no local data for typed-array-length@https://registry.npmjs.org/typed-array-length/-/typed-array-length-1.0.7.tgz. Extracting by manifest.
834 silly tarball no local data for typed-array-byte-length@https://registry.npmjs.org/typed-array-byte-length/-/typed-array-byte-length-1.0.3.tgz. Extracting by manifest.
835 silly tarball no local data for typed-array-buffer@https://registry.npmjs.org/typed-array-buffer/-/typed-array-buffer-1.0.3.tgz. Extracting by manifest.
836 silly tarball no local data for type-fest@https://registry.npmjs.org/type-fest/-/type-fest-0.20.2.tgz. Extracting by manifest.
837 silly tarball no local data for tsconfig-paths@https://registry.npmjs.org/tsconfig-paths/-/tsconfig-paths-3.15.0.tgz. Extracting by manifest.
838 silly tarball no local data for to-regex-range@https://registry.npmjs.org/to-regex-range/-/to-regex-range-5.0.1.tgz. Extracting by manifest.
839 silly tarball no local data for ts-interface-checker@https://registry.npmjs.org/ts-interface-checker/-/ts-interface-checker-0.1.13.tgz. Extracting by manifest.
840 silly tarball no local data for tinyglobby@https://registry.npmjs.org/tinyglobby/-/tinyglobby-0.2.15.tgz. Extracting by manifest.
841 silly tarball no local data for ts-api-utils@https://registry.npmjs.org/ts-api-utils/-/ts-api-utils-1.4.3.tgz. Extracting by manifest.
842 silly tarball no local data for thenify-all@https://registry.npmjs.org/thenify-all/-/thenify-all-1.6.0.tgz. Extracting by manifest.
843 silly tarball no local data for tailwindcss@https://registry.npmjs.org/tailwindcss/-/tailwindcss-3.4.19.tgz. Extracting by manifest.
844 silly tarball no local data for thenify@https://registry.npmjs.org/thenify/-/thenify-3.3.1.tgz. Extracting by manifest.
845 silly tarball no local data for styled-jsx@https://registry.npmjs.org/styled-jsx/-/styled-jsx-5.1.1.tgz. Extracting by manifest.
846 silly tarball no local data for text-table@https://registry.npmjs.org/text-table/-/text-table-0.2.0.tgz. Extracting by manifest.
847 silly tarball no local data for supports-preserve-symlinks-flag@https://registry.npmjs.org/supports-preserve-symlinks-flag/-/supports-preserve-symlinks-flag-1.0.0.tgz. Extracting by manifest.
848 silly tarball no local data for strip-ansi-cjs@https://registry.npmjs.org/strip-ansi/-/strip-ansi-6.0.1.tgz. Extracting by manifest.
849 silly tarball no local data for sucrase@https://registry.npmjs.org/sucrase/-/sucrase-3.35.1.tgz. Extracting by manifest.
850 silly tarball no local data for strip-ansi@https://registry.npmjs.org/strip-ansi/-/strip-ansi-6.0.1.tgz. Extracting by manifest.
851 silly tarball no local data for string.prototype.trimend@https://registry.npmjs.org/string.prototype.trimend/-/string.prototype.trimend-1.0.9.tgz. Extracting by manifest.
852 silly tarball no local data for strip-bom@https://registry.npmjs.org/strip-bom/-/strip-bom-3.0.0.tgz. Extracting by manifest.
853 silly tarball no local data for string.prototype.matchall@https://registry.npmjs.org/string.prototype.matchall/-/string.prototype.matchall-4.0.12.tgz. Extracting by manifest.
854 silly tarball no local data for string.prototype.trimstart@https://registry.npmjs.org/string.prototype.trimstart/-/string.prototype.trimstart-1.0.8.tgz. Extracting by manifest.
855 silly tarball no local data for string.prototype.includes@https://registry.npmjs.org/string.prototype.includes/-/string.prototype.includes-2.0.1.tgz. Extracting by manifest.
856 silly tarball no local data for string.prototype.repeat@https://registry.npmjs.org/string.prototype.repeat/-/string.prototype.repeat-1.0.0.tgz. Extracting by manifest.
857 silly tarball no local data for string.prototype.trim@https://registry.npmjs.org/string.prototype.trim/-/string.prototype.trim-1.2.10.tgz. Extracting by manifest.
858 silly tarball no local data for string-width-cjs@https://registry.npmjs.org/string-width/-/string-width-4.2.3.tgz. Extracting by manifest.
859 silly tarball no local data for string-width@https://registry.npmjs.org/string-width/-/string-width-5.1.2.tgz. Extracting by manifest.
860 silly tarball no local data for stop-iteration-iterator@https://registry.npmjs.org/stop-iteration-iterator/-/stop-iteration-iterator-1.1.0.tgz. Extracting by manifest.
861 silly tarball no local data for streamsearch@https://registry.npmjs.org/streamsearch/-/streamsearch-1.1.0.tgz. Extracting by manifest.
862 silly tarball no local data for stable-hash@https://registry.npmjs.org/stable-hash/-/stable-hash-0.0.5.tgz. Extracting by manifest.
863 silly tarball no local data for socket.io-client@https://registry.npmjs.org/socket.io-client/-/socket.io-client-4.8.3.tgz. Extracting by manifest.
864 silly tarball no local data for socket.io-parser@https://registry.npmjs.org/socket.io-parser/-/socket.io-parser-4.2.5.tgz. Extracting by manifest.
865 silly tarball no local data for signal-exit@https://registry.npmjs.org/signal-exit/-/signal-exit-4.1.0.tgz. Extracting by manifest.
866 silly tarball no local data for socket.io@https://registry.npmjs.org/socket.io/-/socket.io-4.8.3.tgz. Extracting by manifest.
867 silly tarball no local data for socket.io-adapter@https://registry.npmjs.org/socket.io-adapter/-/socket.io-adapter-2.5.6.tgz. Extracting by manifest.
868 silly tarball no local data for side-channel-weakmap@https://registry.npmjs.org/side-channel-weakmap/-/side-channel-weakmap-1.0.2.tgz. Extracting by manifest.
869 silly tarball no local data for slash@https://registry.npmjs.org/slash/-/slash-3.0.0.tgz. Extracting by manifest.
870 silly tarball no local data for side-channel-map@https://registry.npmjs.org/side-channel-map/-/side-channel-map-1.0.1.tgz. Extracting by manifest.
871 silly tarball no local data for side-channel@https://registry.npmjs.org/side-channel/-/side-channel-1.1.0.tgz. Extracting by manifest.
872 silly tarball no local data for side-channel-list@https://registry.npmjs.org/side-channel-list/-/side-channel-list-1.0.0.tgz. Extracting by manifest.
873 silly tarball no local data for set-function-name@https://registry.npmjs.org/set-function-name/-/set-function-name-2.0.2.tgz. Extracting by manifest.
874 silly tarball no local data for scheduler@https://registry.npmjs.org/scheduler/-/scheduler-0.23.2.tgz. Extracting by manifest.
875 silly tarball no local data for set-function-length@https://registry.npmjs.org/set-function-length/-/set-function-length-1.2.2.tgz. Extracting by manifest.
876 silly tarball no local data for safe-regex-test@https://registry.npmjs.org/safe-regex-test/-/safe-regex-test-1.1.0.tgz. Extracting by manifest.
877 silly tarball no local data for set-proto@https://registry.npmjs.org/set-proto/-/set-proto-1.0.0.tgz. Extracting by manifest.
878 silly tarball no local data for safe-push-apply@https://registry.npmjs.org/safe-push-apply/-/safe-push-apply-1.0.0.tgz. Extracting by manifest.
879 silly tarball no local data for run-parallel@https://registry.npmjs.org/run-parallel/-/run-parallel-1.2.0.tgz. Extracting by manifest.
880 silly tarball no local data for rimraf@https://registry.npmjs.org/rimraf/-/rimraf-3.0.2.tgz. Extracting by manifest.
881 silly tarball no local data for resolve@https://registry.npmjs.org/resolve/-/resolve-1.22.11.tgz. Extracting by manifest.
882 silly tarball no local data for safe-array-concat@https://registry.npmjs.org/safe-array-concat/-/safe-array-concat-1.1.3.tgz. Extracting by manifest.
883 silly tarball no local data for resolve-pkg-maps@https://registry.npmjs.org/resolve-pkg-maps/-/resolve-pkg-maps-1.0.0.tgz. Extracting by manifest.
884 silly tarball no local data for reusify@https://registry.npmjs.org/reusify/-/reusify-1.1.0.tgz. Extracting by manifest.
885 silly tarball no local data for regexp.prototype.flags@https://registry.npmjs.org/regexp.prototype.flags/-/regexp.prototype.flags-1.5.4.tgz. Extracting by manifest.
886 silly tarball no local data for reflect.getprototypeof@https://registry.npmjs.org/reflect.getprototypeof/-/reflect.getprototypeof-1.0.10.tgz. Extracting by manifest.
887 silly tarball no local data for readdirp@https://registry.npmjs.org/readdirp/-/readdirp-3.6.0.tgz. Extracting by manifest.
888 silly tarball no local data for react-is@https://registry.npmjs.org/react-is/-/react-is-16.13.1.tgz. Extracting by manifest.
889 silly tarball no local data for read-cache@https://registry.npmjs.org/read-cache/-/read-cache-1.0.0.tgz. Extracting by manifest.
890 silly tarball no local data for react@https://registry.npmjs.org/react/-/react-18.3.1.tgz. Extracting by manifest.
891 silly tarball no local data for react-dom@https://registry.npmjs.org/react-dom/-/react-dom-18.3.1.tgz. Extracting by manifest.
892 silly tarball no local data for postcss-value-parser@https://registry.npmjs.org/postcss-value-parser/-/postcss-value-parser-4.2.0.tgz. Extracting by manifest.
893 silly tarball no local data for queue-microtask@https://registry.npmjs.org/queue-microtask/-/queue-microtask-1.2.3.tgz. Extracting by manifest.
894 silly tarball no local data for prop-types@https://registry.npmjs.org/prop-types/-/prop-types-15.8.1.tgz. Extracting by manifest.
895 silly tarball no local data for postcss-load-config@https://registry.npmjs.org/postcss-load-config/-/postcss-load-config-6.0.1.tgz. Extracting by manifest.
896 silly tarball no local data for postcss-selector-parser@https://registry.npmjs.org/postcss-selector-parser/-/postcss-selector-parser-6.1.2.tgz. Extracting by manifest.
897 silly tarball no local data for postcss-nested@https://registry.npmjs.org/postcss-nested/-/postcss-nested-6.2.0.tgz. Extracting by manifest.
898 silly tarball no local data for postcss-js@https://registry.npmjs.org/postcss-js/-/postcss-js-4.1.0.tgz. Extracting by manifest.
899 silly tarball no local data for postcss-import@https://registry.npmjs.org/postcss-import/-/postcss-import-15.1.0.tgz. Extracting by manifest.
900 silly tarball no local data for postcss@https://registry.npmjs.org/postcss/-/postcss-8.5.8.tgz. Extracting by manifest.
901 silly tarball no local data for pify@https://registry.npmjs.org/pify/-/pify-2.3.0.tgz. Extracting by manifest.
902 silly tarball no local data for possible-typed-array-names@https://registry.npmjs.org/possible-typed-array-names/-/possible-typed-array-names-1.1.0.tgz. Extracting by manifest.
903 silly tarball no local data for path-type@https://registry.npmjs.org/path-type/-/path-type-4.0.0.tgz. Extracting by manifest.
904 silly tarball no local data for pirates@https://registry.npmjs.org/pirates/-/pirates-4.0.7.tgz. Extracting by manifest.
905 silly tarball no local data for picomatch@https://registry.npmjs.org/picomatch/-/picomatch-2.3.1.tgz. Extracting by manifest.
906 silly tarball no local data for path-parse@https://registry.npmjs.org/path-parse/-/path-parse-1.0.7.tgz. Extracting by manifest.
907 silly tarball no local data for path-scurry@https://registry.npmjs.org/path-scurry/-/path-scurry-1.11.1.tgz. Extracting by manifest.
908 silly tarball no local data for own-keys@https://registry.npmjs.org/own-keys/-/own-keys-1.0.1.tgz. Extracting by manifest.
909 silly tarball no local data for path-is-absolute@https://registry.npmjs.org/path-is-absolute/-/path-is-absolute-1.0.1.tgz. Extracting by manifest.
910 silly tarball no local data for once@https://registry.npmjs.org/once/-/once-1.4.0.tgz. Extracting by manifest.
911 silly tarball no local data for object.groupby@https://registry.npmjs.org/object.groupby/-/object.groupby-1.0.3.tgz. Extracting by manifest.
912 silly tarball no local data for object.values@https://registry.npmjs.org/object.values/-/object.values-1.2.1.tgz. Extracting by manifest.
913 silly tarball no local data for object.entries@https://registry.npmjs.org/object.entries/-/object.entries-1.1.9.tgz. Extracting by manifest.
914 silly tarball no local data for object-keys@https://registry.npmjs.org/object-keys/-/object-keys-1.1.1.tgz. Extracting by manifest.
915 silly tarball no local data for object.assign@https://registry.npmjs.org/object.assign/-/object.assign-4.1.7.tgz. Extracting by manifest.
916 silly tarball no local data for object-inspect@https://registry.npmjs.org/object-inspect/-/object-inspect-1.13.4.tgz. Extracting by manifest.
917 silly tarball no local data for object.fromentries@https://registry.npmjs.org/object.fromentries/-/object.fromentries-2.0.8.tgz. Extracting by manifest.
918 silly tarball no local data for object-assign@https://registry.npmjs.org/object-assign/-/object-assign-4.1.1.tgz. Extracting by manifest.
919 silly tarball no local data for object-hash@https://registry.npmjs.org/object-hash/-/object-hash-3.0.0.tgz. Extracting by manifest.
920 silly tarball no local data for normalize-path@https://registry.npmjs.org/normalize-path/-/normalize-path-3.0.0.tgz. Extracting by manifest.
921 silly tarball no local data for node-releases@https://registry.npmjs.org/node-releases/-/node-releases-2.0.36.tgz. Extracting by manifest.
922 silly tarball no local data for node-exports-info@https://registry.npmjs.org/node-exports-info/-/node-exports-info-1.6.0.tgz. Extracting by manifest.
923 silly tarball no local data for mz@https://registry.npmjs.org/mz/-/mz-2.7.0.tgz. Extracting by manifest.
924 silly tarball no local data for next@https://registry.npmjs.org/next/-/next-14.2.35.tgz. Extracting by manifest.
925 silly tarball no local data for negotiator@https://registry.npmjs.org/negotiator/-/negotiator-0.6.3.tgz. Extracting by manifest.
926 silly tarball no local data for napi-postinstall@https://registry.npmjs.org/napi-postinstall/-/napi-postinstall-0.3.4.tgz. Extracting by manifest.
927 silly tarball no local data for minipass@https://registry.npmjs.org/minipass/-/minipass-7.1.3.tgz. Extracting by manifest.
928 silly tarball no local data for mime-db@https://registry.npmjs.org/mime-db/-/mime-db-1.52.0.tgz. Extracting by manifest.
929 silly tarball no local data for minimist@https://registry.npmjs.org/minimist/-/minimist-1.2.8.tgz. Extracting by manifest.
930 silly tarball no local data for minimatch@https://registry.npmjs.org/minimatch/-/minimatch-9.0.3.tgz. Extracting by manifest.
931 silly tarball no local data for micromatch@https://registry.npmjs.org/micromatch/-/micromatch-4.0.8.tgz. Extracting by manifest.
932 silly tarball no local data for mime-types@https://registry.npmjs.org/mime-types/-/mime-types-2.1.35.tgz. Extracting by manifest.
933 silly tarball no local data for lru-cache@https://registry.npmjs.org/lru-cache/-/lru-cache-10.4.3.tgz. Extracting by manifest.
934 silly tarball no local data for merge2@https://registry.npmjs.org/merge2/-/merge2-1.4.1.tgz. Extracting by manifest.
935 silly tarball no local data for math-intrinsics@https://registry.npmjs.org/math-intrinsics/-/math-intrinsics-1.1.0.tgz. Extracting by manifest.
936 silly tarball no local data for lines-and-columns@https://registry.npmjs.org/lines-and-columns/-/lines-and-columns-1.2.4.tgz. Extracting by manifest.
937 silly tarball no local data for loose-envify@https://registry.npmjs.org/loose-envify/-/loose-envify-1.4.0.tgz. Extracting by manifest.
938 silly tarball no local data for language-subtag-registry@https://registry.npmjs.org/language-subtag-registry/-/language-subtag-registry-0.3.23.tgz. Extracting by manifest.
939 silly tarball no local data for lilconfig@https://registry.npmjs.org/lilconfig/-/lilconfig-3.1.3.tgz. Extracting by manifest.
940 silly tarball no local data for language-tags@https://registry.npmjs.org/language-tags/-/language-tags-1.0.9.tgz. Extracting by manifest.
941 silly tarball no local data for json5@https://registry.npmjs.org/json5/-/json5-1.0.2.tgz. Extracting by manifest.
942 silly tarball no local data for jsx-ast-utils@https://registry.npmjs.org/jsx-ast-utils/-/jsx-ast-utils-3.3.5.tgz. Extracting by manifest.
943 silly tarball no local data for iterator.prototype@https://registry.npmjs.org/iterator.prototype/-/iterator.prototype-1.1.5.tgz. Extracting by manifest.
944 silly tarball no local data for jiti@https://registry.npmjs.org/jiti/-/jiti-1.21.7.tgz. Extracting by manifest.
945 silly tarball no local data for jackspeak@https://registry.npmjs.org/jackspeak/-/jackspeak-2.3.6.tgz. Extracting by manifest.
946 silly tarball no local data for isarray@https://registry.npmjs.org/isarray/-/isarray-2.0.5.tgz. Extracting by manifest.
947 silly tarball no local data for is-weakset@https://registry.npmjs.org/is-weakset/-/is-weakset-2.0.4.tgz. Extracting by manifest.
948 silly tarball no local data for is-weakref@https://registry.npmjs.org/is-weakref/-/is-weakref-1.1.1.tgz. Extracting by manifest.
949 silly tarball no local data for is-symbol@https://registry.npmjs.org/is-symbol/-/is-symbol-1.1.1.tgz. Extracting by manifest.
950 silly tarball no local data for is-weakmap@https://registry.npmjs.org/is-weakmap/-/is-weakmap-2.0.2.tgz. Extracting by manifest.
951 silly tarball no local data for is-typed-array@https://registry.npmjs.org/is-typed-array/-/is-typed-array-1.1.15.tgz. Extracting by manifest.
952 silly tarball no local data for is-shared-array-buffer@https://registry.npmjs.org/is-shared-array-buffer/-/is-shared-array-buffer-1.0.4.tgz. Extracting by manifest.
953 silly tarball no local data for is-string@https://registry.npmjs.org/is-string/-/is-string-1.1.1.tgz. Extracting by manifest.
954 silly tarball no local data for is-set@https://registry.npmjs.org/is-set/-/is-set-2.0.3.tgz. Extracting by manifest.
955 silly tarball no local data for is-regex@https://registry.npmjs.org/is-regex/-/is-regex-1.2.1.tgz. Extracting by manifest.
956 silly tarball no local data for is-negative-zero@https://registry.npmjs.org/is-negative-zero/-/is-negative-zero-2.0.3.tgz. Extracting by manifest.
957 silly tarball no local data for is-path-inside@https://registry.npmjs.org/is-path-inside/-/is-path-inside-3.0.3.tgz. Extracting by manifest.
958 silly tarball no local data for is-number-object@https://registry.npmjs.org/is-number-object/-/is-number-object-1.1.1.tgz. Extracting by manifest.
959 silly tarball no local data for is-number@https://registry.npmjs.org/is-number/-/is-number-7.0.0.tgz. Extracting by manifest.
960 silly tarball no local data for is-map@https://registry.npmjs.org/is-map/-/is-map-2.0.3.tgz. Extracting by manifest.
961 silly tarball no local data for is-generator-function@https://registry.npmjs.org/is-generator-function/-/is-generator-function-1.1.2.tgz. Extracting by manifest.
962 silly tarball no local data for is-fullwidth-code-point@https://registry.npmjs.org/is-fullwidth-code-point/-/is-fullwidth-code-point-3.0.0.tgz. Extracting by manifest.
963 silly tarball no local data for is-date-object@https://registry.npmjs.org/is-date-object/-/is-date-object-1.1.0.tgz. Extracting by manifest.
964 silly tarball no local data for is-finalizationregistry@https://registry.npmjs.org/is-finalizationregistry/-/is-finalizationregistry-1.1.1.tgz. Extracting by manifest.
965 silly tarball no local data for is-core-module@https://registry.npmjs.org/is-core-module/-/is-core-module-2.16.1.tgz. Extracting by manifest.
966 silly tarball no local data for is-data-view@https://registry.npmjs.org/is-data-view/-/is-data-view-1.0.2.tgz. Extracting by manifest.
967 silly tarball no local data for is-bun-module@https://registry.npmjs.org/is-bun-module/-/is-bun-module-2.0.0.tgz. Extracting by manifest.
968 silly tarball no local data for is-boolean-object@https://registry.npmjs.org/is-boolean-object/-/is-boolean-object-1.2.2.tgz. Extracting by manifest.
969 silly tarball no local data for is-callable@https://registry.npmjs.org/is-callable/-/is-callable-1.2.7.tgz. Extracting by manifest.
970 silly tarball no local data for is-array-buffer@https://registry.npmjs.org/is-array-buffer/-/is-array-buffer-3.0.5.tgz. Extracting by manifest.
971 silly tarball no local data for is-binary-path@https://registry.npmjs.org/is-binary-path/-/is-binary-path-2.1.0.tgz. Extracting by manifest.
972 silly tarball no local data for is-async-function@https://registry.npmjs.org/is-async-function/-/is-async-function-2.1.1.tgz. Extracting by manifest.
973 silly tarball no local data for internal-slot@https://registry.npmjs.org/internal-slot/-/internal-slot-1.1.0.tgz. Extracting by manifest.
974 silly tarball no local data for is-bigint@https://registry.npmjs.org/is-bigint/-/is-bigint-1.1.0.tgz. Extracting by manifest.
975 silly tarball no local data for inherits@https://registry.npmjs.org/inherits/-/inherits-2.0.4.tgz. Extracting by manifest.
976 silly tarball no local data for hasown@https://registry.npmjs.org/hasown/-/hasown-2.0.2.tgz. Extracting by manifest.
977 silly tarball no local data for inflight@https://registry.npmjs.org/inflight/-/inflight-1.0.6.tgz. Extracting by manifest.
978 silly tarball no local data for has-proto@https://registry.npmjs.org/has-proto/-/has-proto-1.2.0.tgz. Extracting by manifest.
979 silly tarball no local data for has-tostringtag@https://registry.npmjs.org/has-tostringtag/-/has-tostringtag-1.0.2.tgz. Extracting by manifest.
980 silly tarball no local data for has-symbols@https://registry.npmjs.org/has-symbols/-/has-symbols-1.1.0.tgz. Extracting by manifest.
981 silly tarball no local data for has-bigints@https://registry.npmjs.org/has-bigints/-/has-bigints-1.1.0.tgz. Extracting by manifest.
982 silly tarball no local data for has-property-descriptors@https://registry.npmjs.org/has-property-descriptors/-/has-property-descriptors-1.0.2.tgz. Extracting by manifest.
983 silly tarball no local data for gopd@https://registry.npmjs.org/gopd/-/gopd-1.2.0.tgz. Extracting by manifest.
984 silly tarball no local data for graphemer@https://registry.npmjs.org/graphemer/-/graphemer-1.4.0.tgz. Extracting by manifest.
985 silly tarball no local data for graceful-fs@https://registry.npmjs.org/graceful-fs/-/graceful-fs-4.2.11.tgz. Extracting by manifest.
986 silly tarball no local data for globby@https://registry.npmjs.org/globby/-/globby-11.1.0.tgz. Extracting by manifest.
987 silly tarball no local data for globalthis@https://registry.npmjs.org/globalthis/-/globalthis-1.0.4.tgz. Extracting by manifest.
988 silly tarball no local data for globals@https://registry.npmjs.org/globals/-/globals-13.24.0.tgz. Extracting by manifest.
989 silly tarball no local data for glob@https://registry.npmjs.org/glob/-/glob-10.3.10.tgz. Extracting by manifest.
990 silly tarball no local data for get-symbol-description@https://registry.npmjs.org/get-symbol-description/-/get-symbol-description-1.1.0.tgz. Extracting by manifest.
991 silly tarball no local data for get-tsconfig@https://registry.npmjs.org/get-tsconfig/-/get-tsconfig-4.13.6.tgz. Extracting by manifest.
992 silly tarball no local data for generator-function@https://registry.npmjs.org/generator-function/-/generator-function-2.0.1.tgz. Extracting by manifest.
993 silly tarball no local data for get-intrinsic@https://registry.npmjs.org/get-intrinsic/-/get-intrinsic-1.3.0.tgz. Extracting by manifest.
994 silly tarball no local data for functions-have-names@https://registry.npmjs.org/functions-have-names/-/functions-have-names-1.2.3.tgz. Extracting by manifest.
995 silly tarball no local data for get-proto@https://registry.npmjs.org/get-proto/-/get-proto-1.0.1.tgz. Extracting by manifest.
996 silly tarball no local data for function.prototype.name@https://registry.npmjs.org/function.prototype.name/-/function.prototype.name-1.1.8.tgz. Extracting by manifest.
997 silly tarball no local data for foreground-child@https://registry.npmjs.org/foreground-child/-/foreground-child-3.3.1.tgz. Extracting by manifest.
998 silly tarball no local data for fs.realpath@https://registry.npmjs.org/fs.realpath/-/fs.realpath-1.0.0.tgz. Extracting by manifest.
999 silly tarball no local data for function-bind@https://registry.npmjs.org/function-bind/-/function-bind-1.1.2.tgz. Extracting by manifest.
1000 silly tarball no local data for fraction.js@https://registry.npmjs.org/fraction.js/-/fraction.js-5.3.4.tgz. Extracting by manifest.
1001 silly tarball no local data for for-each@https://registry.npmjs.org/for-each/-/for-each-0.3.5.tgz. Extracting by manifest.
1002 silly tarball no local data for flat-cache@https://registry.npmjs.org/flat-cache/-/flat-cache-3.2.0.tgz. Extracting by manifest.
1003 silly tarball no local data for flatted@https://registry.npmjs.org/flatted/-/flatted-3.3.4.tgz. Extracting by manifest.
1004 silly tarball no local data for fastq@https://registry.npmjs.org/fastq/-/fastq-1.20.1.tgz. Extracting by manifest.
1005 silly tarball no local data for file-entry-cache@https://registry.npmjs.org/file-entry-cache/-/file-entry-cache-6.0.1.tgz. Extracting by manifest.
1006 silly tarball no local data for fill-range@https://registry.npmjs.org/fill-range/-/fill-range-7.1.1.tgz. Extracting by manifest.
1007 silly tarball no local data for fast-glob@https://registry.npmjs.org/fast-glob/-/fast-glob-3.3.3.tgz. Extracting by manifest.
1008 silly tarball no local data for espree@https://registry.npmjs.org/espree/-/espree-9.6.1.tgz. Extracting by manifest.
1009 silly tarball no local data for eslint-plugin-react-hooks@https://registry.npmjs.org/eslint-plugin-react-hooks/-/eslint-plugin-react-hooks-5.0.0-canary-7118f5dd7-20230705.tgz. Extracting by manifest.
1010 silly tarball no local data for eslint-scope@https://registry.npmjs.org/eslint-scope/-/eslint-scope-7.2.2.tgz. Extracting by manifest.
1011 silly tarball no local data for eslint-plugin-import@https://registry.npmjs.org/eslint-plugin-import/-/eslint-plugin-import-2.32.0.tgz. Extracting by manifest.
1012 silly tarball no local data for eslint-plugin-react@https://registry.npmjs.org/eslint-plugin-react/-/eslint-plugin-react-7.37.5.tgz. Extracting by manifest.
1013 silly tarball no local data for eslint-plugin-jsx-a11y@https://registry.npmjs.org/eslint-plugin-jsx-a11y/-/eslint-plugin-jsx-a11y-6.10.2.tgz. Extracting by manifest.
1014 silly tarball no local data for eslint-import-resolver-node@https://registry.npmjs.org/eslint-import-resolver-node/-/eslint-import-resolver-node-0.3.9.tgz. Extracting by manifest.
1015 silly tarball no local data for eslint-config-next@https://registry.npmjs.org/eslint-config-next/-/eslint-config-next-14.2.35.tgz. Extracting by manifest.
1016 silly tarball no local data for eslint-module-utils@https://registry.npmjs.org/eslint-module-utils/-/eslint-module-utils-2.12.1.tgz. Extracting by manifest.
1017 silly tarball no local data for eslint@https://registry.npmjs.org/eslint/-/eslint-8.57.1.tgz. Extracting by manifest.
1018 silly tarball no local data for es-to-primitive@https://registry.npmjs.org/es-to-primitive/-/es-to-primitive-1.3.0.tgz. Extracting by manifest.
1019 silly tarball no local data for es-shim-unscopables@https://registry.npmjs.org/es-shim-unscopables/-/es-shim-unscopables-1.1.0.tgz. Extracting by manifest.
1020 silly tarball no local data for es-errors@https://registry.npmjs.org/es-errors/-/es-errors-1.3.0.tgz. Extracting by manifest.
1021 silly tarball no local data for es-set-tostringtag@https://registry.npmjs.org/es-set-tostringtag/-/es-set-tostringtag-2.1.0.tgz. Extracting by manifest.
1022 silly tarball no local data for es-object-atoms@https://registry.npmjs.org/es-object-atoms/-/es-object-atoms-1.1.1.tgz. Extracting by manifest.
1023 silly tarball no local data for es-iterator-helpers@https://registry.npmjs.org/es-iterator-helpers/-/es-iterator-helpers-1.2.2.tgz. Extracting by manifest.
1024 silly tarball no local data for es-abstract@https://registry.npmjs.org/es-abstract/-/es-abstract-1.24.1.tgz. Extracting by manifest.
1025 silly tarball no local data for engine.io-parser@https://registry.npmjs.org/engine.io-parser/-/engine.io-parser-5.2.3.tgz. Extracting by manifest.
1026 silly tarball no local data for es-define-property@https://registry.npmjs.org/es-define-property/-/es-define-property-1.0.1.tgz. Extracting by manifest.
1027 silly tarball no local data for engine.io@https://registry.npmjs.org/engine.io/-/engine.io-6.6.5.tgz. Extracting by manifest.
1028 silly tarball no local data for engine.io-client@https://registry.npmjs.org/engine.io-client/-/engine.io-client-6.6.4.tgz. Extracting by manifest.
1029 silly tarball no local data for eastasianwidth@https://registry.npmjs.org/eastasianwidth/-/eastasianwidth-0.2.0.tgz. Extracting by manifest.
1030 silly tarball no local data for emoji-regex@https://registry.npmjs.org/emoji-regex/-/emoji-regex-9.2.2.tgz. Extracting by manifest.
1031 silly tarball no local data for electron-to-chromium@https://registry.npmjs.org/electron-to-chromium/-/electron-to-chromium-1.5.307.tgz. Extracting by manifest.
1032 silly tarball no local data for dunder-proto@https://registry.npmjs.org/dunder-proto/-/dunder-proto-1.0.1.tgz. Extracting by manifest.
1033 silly tarball no local data for doctrine@https://registry.npmjs.org/doctrine/-/doctrine-3.0.0.tgz. Extracting by manifest.
1034 silly tarball no local data for dlv@https://registry.npmjs.org/dlv/-/dlv-1.1.3.tgz. Extracting by manifest.
1035 silly tarball no local data for dir-glob@https://registry.npmjs.org/dir-glob/-/dir-glob-3.0.1.tgz. Extracting by manifest.
1036 silly tarball no local data for define-properties@https://registry.npmjs.org/define-properties/-/define-properties-1.2.1.tgz. Extracting by manifest.
1037 silly tarball no local data for didyoumean@https://registry.npmjs.org/didyoumean/-/didyoumean-1.2.2.tgz. Extracting by manifest.
1038 silly tarball no local data for data-view-byte-length@https://registry.npmjs.org/data-view-byte-length/-/data-view-byte-length-1.0.2.tgz. Extracting by manifest.
1039 silly tarball no local data for define-data-property@https://registry.npmjs.org/define-data-property/-/define-data-property-1.1.4.tgz. Extracting by manifest.
1040 silly tarball no local data for data-view-byte-offset@https://registry.npmjs.org/data-view-byte-offset/-/data-view-byte-offset-1.0.1.tgz. Extracting by manifest.
1041 silly tarball no local data for data-view-buffer@https://registry.npmjs.org/data-view-buffer/-/data-view-buffer-1.0.2.tgz. Extracting by manifest.
1042 silly tarball no local data for damerau-levenshtein@https://registry.npmjs.org/damerau-levenshtein/-/damerau-levenshtein-1.0.8.tgz. Extracting by manifest.
1043 silly tarball no local data for commander@https://registry.npmjs.org/commander/-/commander-4.1.1.tgz. Extracting by manifest.
1044 silly tarball no local data for cors@https://registry.npmjs.org/cors/-/cors-2.8.6.tgz. Extracting by manifest.
1045 silly tarball no local data for cssesc@https://registry.npmjs.org/cssesc/-/cssesc-3.0.0.tgz. Extracting by manifest.
1046 silly tarball no local data for cookie@https://registry.npmjs.org/cookie/-/cookie-0.7.2.tgz. Extracting by manifest.
1047 silly tarball no local data for client-only@https://registry.npmjs.org/client-only/-/client-only-0.0.1.tgz. Extracting by manifest.
1048 silly tarball no local data for chokidar@https://registry.npmjs.org/chokidar/-/chokidar-3.6.0.tgz. Extracting by manifest.
1049 silly tarball no local data for call-bound@https://registry.npmjs.org/call-bound/-/call-bound-1.0.4.tgz. Extracting by manifest.
1050 silly tarball no local data for caniuse-lite@https://registry.npmjs.org/caniuse-lite/-/caniuse-lite-1.0.30001776.tgz. Extracting by manifest.
1051 silly tarball no local data for camelcase-css@https://registry.npmjs.org/camelcase-css/-/camelcase-css-2.0.1.tgz. Extracting by manifest.
1052 silly tarball no local data for call-bind@https://registry.npmjs.org/call-bind/-/call-bind-1.0.8.tgz. Extracting by manifest.
1053 silly tarball no local data for call-bind-apply-helpers@https://registry.npmjs.org/call-bind-apply-helpers/-/call-bind-apply-helpers-1.0.2.tgz. Extracting by manifest.
1054 silly tarball no local data for busboy@https://registry.npmjs.org/busboy/-/busboy-1.6.0.tgz. Extracting by manifest.
1055 silly tarball no local data for browserslist@https://registry.npmjs.org/browserslist/-/browserslist-4.28.1.tgz. Extracting by manifest.
1056 silly tarball no local data for brace-expansion@https://registry.npmjs.org/brace-expansion/-/brace-expansion-2.0.2.tgz. Extracting by manifest.
1057 silly tarball no local data for braces@https://registry.npmjs.org/braces/-/braces-3.0.3.tgz. Extracting by manifest.
1058 silly tarball no local data for baseline-browser-mapping@https://registry.npmjs.org/baseline-browser-mapping/-/baseline-browser-mapping-2.10.0.tgz. Extracting by manifest.
1059 silly tarball no local data for binary-extensions@https://registry.npmjs.org/binary-extensions/-/binary-extensions-2.3.0.tgz. Extracting by manifest.
1060 silly tarball no local data for base64id@https://registry.npmjs.org/base64id/-/base64id-2.0.0.tgz. Extracting by manifest.
1061 silly tarball no local data for axobject-query@https://registry.npmjs.org/axobject-query/-/axobject-query-4.1.0.tgz. Extracting by manifest.
1062 silly tarball no local data for axe-core@https://registry.npmjs.org/axe-core/-/axe-core-4.11.1.tgz. Extracting by manifest.
1063 silly tarball no local data for autoprefixer@https://registry.npmjs.org/autoprefixer/-/autoprefixer-10.4.27.tgz. Extracting by manifest.
1064 silly tarball no local data for available-typed-arrays@https://registry.npmjs.org/available-typed-arrays/-/available-typed-arrays-1.0.7.tgz. Extracting by manifest.
1065 silly tarball no local data for ast-types-flow@https://registry.npmjs.org/ast-types-flow/-/ast-types-flow-0.0.8.tgz. Extracting by manifest.
1066 silly tarball no local data for async-function@https://registry.npmjs.org/async-function/-/async-function-1.0.0.tgz. Extracting by manifest.
1067 silly tarball no local data for array.prototype.flatmap@https://registry.npmjs.org/array.prototype.flatmap/-/array.prototype.flatmap-1.3.3.tgz. Extracting by manifest.
1068 silly tarball no local data for array.prototype.tosorted@https://registry.npmjs.org/array.prototype.tosorted/-/array.prototype.tosorted-1.1.4.tgz. Extracting by manifest.
1069 silly tarball no local data for arraybuffer.prototype.slice@https://registry.npmjs.org/arraybuffer.prototype.slice/-/arraybuffer.prototype.slice-1.0.4.tgz. Extracting by manifest.
1070 silly tarball no local data for array.prototype.flat@https://registry.npmjs.org/array.prototype.flat/-/array.prototype.flat-1.3.3.tgz. Extracting by manifest.
1071 silly tarball no local data for array.prototype.findlastindex@https://registry.npmjs.org/array.prototype.findlastindex/-/array.prototype.findlastindex-1.2.6.tgz. Extracting by manifest.
1072 silly tarball no local data for array-union@https://registry.npmjs.org/array-union/-/array-union-2.1.0.tgz. Extracting by manifest.
1073 silly tarball no local data for array-includes@https://registry.npmjs.org/array-includes/-/array-includes-3.1.9.tgz. Extracting by manifest.
1074 silly tarball no local data for array.prototype.findlast@https://registry.npmjs.org/array.prototype.findlast/-/array.prototype.findlast-1.2.5.tgz. Extracting by manifest.
1075 silly tarball no local data for array-buffer-byte-length@https://registry.npmjs.org/array-buffer-byte-length/-/array-buffer-byte-length-1.0.2.tgz. Extracting by manifest.
1076 silly tarball no local data for aria-query@https://registry.npmjs.org/aria-query/-/aria-query-5.3.2.tgz. Extracting by manifest.
1077 silly tarball no local data for any-promise@https://registry.npmjs.org/any-promise/-/any-promise-1.3.0.tgz. Extracting by manifest.
1078 silly tarball no local data for arg@https://registry.npmjs.org/arg/-/arg-5.0.2.tgz. Extracting by manifest.
1079 silly tarball no local data for anymatch@https://registry.npmjs.org/anymatch/-/anymatch-3.1.3.tgz. Extracting by manifest.
1080 silly tarball no local data for accepts@https://registry.npmjs.org/accepts/-/accepts-1.3.8.tgz. Extracting by manifest.
1081 silly tarball no local data for ansi-regex@https://registry.npmjs.org/ansi-regex/-/ansi-regex-5.0.1.tgz. Extracting by manifest.
1082 silly tarball no local data for brace-expansion@https://registry.npmjs.org/brace-expansion/-/brace-expansion-1.1.12.tgz. Extracting by manifest.
1083 silly tarball no local data for ansi-regex@https://registry.npmjs.org/ansi-regex/-/ansi-regex-6.2.2.tgz. Extracting by manifest.
1084 silly tarball no local data for strip-ansi@https://registry.npmjs.org/strip-ansi/-/strip-ansi-7.2.0.tgz. Extracting by manifest.
1085 silly tarball no local data for brace-expansion@https://registry.npmjs.org/brace-expansion/-/brace-expansion-1.1.12.tgz. Extracting by manifest.
1086 silly tarball no local data for string-width@https://registry.npmjs.org/string-width/-/string-width-4.2.3.tgz. Extracting by manifest.
1087 silly tarball no local data for emoji-regex@https://registry.npmjs.org/emoji-regex/-/emoji-regex-8.0.0.tgz. Extracting by manifest.
1088 silly tarball no local data for strip-ansi@https://registry.npmjs.org/strip-ansi/-/strip-ansi-7.2.0.tgz. Extracting by manifest.
1089 silly tarball no local data for ansi-styles@https://registry.npmjs.org/ansi-styles/-/ansi-styles-6.2.3.tgz. Extracting by manifest.
1090 silly tarball no local data for ansi-regex@https://registry.npmjs.org/ansi-regex/-/ansi-regex-6.2.2.tgz. Extracting by manifest.
1091 silly tarball no local data for emoji-regex@https://registry.npmjs.org/emoji-regex/-/emoji-regex-8.0.0.tgz. Extracting by manifest.
1092 silly tarball no local data for picomatch@https://registry.npmjs.org/picomatch/-/picomatch-4.0.3.tgz. Extracting by manifest.
1093 silly tarball no local data for strip-ansi@https://registry.npmjs.org/strip-ansi/-/strip-ansi-7.2.0.tgz. Extracting by manifest.
1094 silly tarball no local data for ansi-regex@https://registry.npmjs.org/ansi-regex/-/ansi-regex-6.2.2.tgz. Extracting by manifest.
1095 silly tarball no local data for glob@https://registry.npmjs.org/glob/-/glob-7.2.3.tgz. Extracting by manifest.
1096 silly tarball no local data for brace-expansion@https://registry.npmjs.org/brace-expansion/-/brace-expansion-1.1.12.tgz. Extracting by manifest.
1097 silly tarball no local data for postcss@https://registry.npmjs.org/postcss/-/postcss-8.4.31.tgz. Extracting by manifest.
1098 silly tarball no local data for semver@https://registry.npmjs.org/semver/-/semver-6.3.1.tgz. Extracting by manifest.
1099 silly tarball no local data for glob-parent@https://registry.npmjs.org/glob-parent/-/glob-parent-5.1.2.tgz. Extracting by manifest.
1100 silly tarball no local data for brace-expansion@https://registry.npmjs.org/brace-expansion/-/brace-expansion-1.1.12.tgz. Extracting by manifest.
1101 silly tarball no local data for semver@https://registry.npmjs.org/semver/-/semver-6.3.1.tgz. Extracting by manifest.
1102 silly tarball no local data for resolve@https://registry.npmjs.org/resolve/-/resolve-2.0.0-next.6.tgz. Extracting by manifest.
1103 silly tarball no local data for doctrine@https://registry.npmjs.org/doctrine/-/doctrine-2.1.0.tgz. Extracting by manifest.
1104 silly tarball no local data for brace-expansion@https://registry.npmjs.org/brace-expansion/-/brace-expansion-1.1.12.tgz. Extracting by manifest.
1105 silly tarball no local data for doctrine@https://registry.npmjs.org/doctrine/-/doctrine-2.1.0.tgz. Extracting by manifest.
1106 silly tarball no local data for semver@https://registry.npmjs.org/semver/-/semver-6.3.1.tgz. Extracting by manifest.
1107 silly tarball no local data for debug@https://registry.npmjs.org/debug/-/debug-3.2.7.tgz. Extracting by manifest.
1108 silly tarball no local data for brace-expansion@https://registry.npmjs.org/brace-expansion/-/brace-expansion-1.1.12.tgz. Extracting by manifest.
1109 silly tarball no local data for brace-expansion@https://registry.npmjs.org/brace-expansion/-/brace-expansion-1.1.12.tgz. Extracting by manifest.
1110 silly tarball no local data for debug@https://registry.npmjs.org/debug/-/debug-3.2.7.tgz. Extracting by manifest.
1111 silly tarball no local data for debug@https://registry.npmjs.org/debug/-/debug-3.2.7.tgz. Extracting by manifest.
1112 silly tarball no local data for eslint-import-resolver-typescript@https://registry.npmjs.org/eslint-import-resolver-typescript/-/eslint-import-resolver-typescript-3.10.1.tgz. Extracting by manifest.
1113 silly tarball no local data for glob-parent@https://registry.npmjs.org/glob-parent/-/glob-parent-5.1.2.tgz. Extracting by manifest.
1114 http fetch GET https://registry.npmjs.org/which/-/which-2.0.2.tgz attempt 1 failed with EAI_AGAIN
1115 http fetch GET https://registry.npmjs.org/semver/-/semver-7.7.4.tgz attempt 1 failed with EAI_AGAIN
1116 http fetch GET https://registry.npmjs.org/nanoid/-/nanoid-3.3.11.tgz attempt 1 failed with EAI_AGAIN
1117 http fetch GET https://registry.npmjs.org/update-browserslist-db/-/update-browserslist-db-1.2.3.tgz attempt 1 failed with EAI_AGAIN
1118 http fetch GET https://registry.npmjs.org/js-yaml/-/js-yaml-4.1.1.tgz attempt 1 failed with EAI_AGAIN
1119 http fetch GET https://registry.npmjs.org/acorn/-/acorn-8.16.0.tgz attempt 1 failed with EAI_AGAIN
1120 http fetch GET https://registry.npmjs.org/@ungap/structured-clone/-/structured-clone-1.3.0.tgz attempt 1 failed with EAI_AGAIN
1121 http fetch GET https://registry.npmjs.org/@unrs/resolver-binding-linux-x64-gnu/-/resolver-binding-linux-x64-gnu-1.11.1.tgz attempt 1 failed with EAI_AGAIN
1122 http fetch GET https://registry.npmjs.org/@typescript-eslint/visitor-keys/-/visitor-keys-6.21.0.tgz attempt 1 failed with EAI_AGAIN
1123 http fetch GET https://registry.npmjs.org/@typescript-eslint/utils/-/utils-6.21.0.tgz attempt 1 failed with EAI_AGAIN
1124 http fetch GET https://registry.npmjs.org/@typescript-eslint/type-utils/-/type-utils-6.21.0.tgz attempt 1 failed with EAI_AGAIN
1125 http fetch GET https://registry.npmjs.org/@typescript-eslint/typescript-estree/-/typescript-estree-6.21.0.tgz attempt 1 failed with EAI_AGAIN
1126 http fetch GET https://registry.npmjs.org/@typescript-eslint/types/-/types-6.21.0.tgz attempt 1 failed with EAI_AGAIN
1127 http fetch GET https://registry.npmjs.org/@typescript-eslint/scope-manager/-/scope-manager-6.21.0.tgz attempt 1 failed with EAI_AGAIN
1128 http fetch GET https://registry.npmjs.org/@typescript-eslint/parser/-/parser-6.21.0.tgz attempt 1 failed with EAI_AGAIN
1129 http fetch GET https://registry.npmjs.org/which/-/which-2.0.2.tgz attempt 2 failed with EAI_AGAIN
1130 http fetch GET https://registry.npmjs.org/semver/-/semver-7.7.4.tgz attempt 2 failed with EAI_AGAIN
1131 http fetch GET https://registry.npmjs.org/nanoid/-/nanoid-3.3.11.tgz attempt 2 failed with EAI_AGAIN
1132 http fetch GET https://registry.npmjs.org/update-browserslist-db/-/update-browserslist-db-1.2.3.tgz attempt 2 failed with EAI_AGAIN
1133 http fetch GET https://registry.npmjs.org/js-yaml/-/js-yaml-4.1.1.tgz attempt 2 failed with EAI_AGAIN
1134 http fetch GET https://registry.npmjs.org/acorn/-/acorn-8.16.0.tgz attempt 2 failed with EAI_AGAIN
1135 http fetch GET https://registry.npmjs.org/@ungap/structured-clone/-/structured-clone-1.3.0.tgz attempt 2 failed with EAI_AGAIN
1136 http fetch GET https://registry.npmjs.org/@unrs/resolver-binding-linux-x64-gnu/-/resolver-binding-linux-x64-gnu-1.11.1.tgz attempt 2 failed with EAI_AGAIN
1137 http fetch GET https://registry.npmjs.org/@typescript-eslint/visitor-keys/-/visitor-keys-6.21.0.tgz attempt 2 failed with EAI_AGAIN
1138 http fetch GET https://registry.npmjs.org/@typescript-eslint/utils/-/utils-6.21.0.tgz attempt 2 failed with EAI_AGAIN
1139 http fetch GET https://registry.npmjs.org/@typescript-eslint/type-utils/-/type-utils-6.21.0.tgz attempt 2 failed with EAI_AGAIN
1140 http fetch GET https://registry.npmjs.org/@typescript-eslint/typescript-estree/-/typescript-estree-6.21.0.tgz attempt 2 failed with EAI_AGAIN
1141 http fetch GET https://registry.npmjs.org/@typescript-eslint/types/-/types-6.21.0.tgz attempt 2 failed with EAI_AGAIN
1142 http fetch GET https://registry.npmjs.org/@typescript-eslint/scope-manager/-/scope-manager-6.21.0.tgz attempt 2 failed with EAI_AGAIN
1143 http fetch GET https://registry.npmjs.org/@typescript-eslint/parser/-/parser-6.21.0.tgz attempt 2 failed with EAI_AGAIN
1144 http fetch GET https://registry.npmjs.org/which/-/which-2.0.2.tgz attempt 3 failed with EAI_AGAIN
1145 http fetch GET https://registry.npmjs.org/semver/-/semver-7.7.4.tgz attempt 3 failed with EAI_AGAIN
1146 http fetch GET https://registry.npmjs.org/nanoid/-/nanoid-3.3.11.tgz attempt 3 failed with EAI_AGAIN
1147 http fetch GET https://registry.npmjs.org/update-browserslist-db/-/update-browserslist-db-1.2.3.tgz attempt 3 failed with EAI_AGAIN
1148 http fetch GET https://registry.npmjs.org/js-yaml/-/js-yaml-4.1.1.tgz attempt 3 failed with EAI_AGAIN
1149 http fetch GET https://registry.npmjs.org/acorn/-/acorn-8.16.0.tgz attempt 3 failed with EAI_AGAIN
1150 http fetch GET https://registry.npmjs.org/@ungap/structured-clone/-/structured-clone-1.3.0.tgz attempt 3 failed with EAI_AGAIN
1151 http fetch GET https://registry.npmjs.org/@unrs/resolver-binding-linux-x64-gnu/-/resolver-binding-linux-x64-gnu-1.11.1.tgz attempt 3 failed with EAI_AGAIN
1152 verbose reify failed optional dependency /home/Twitch/Projects/mafia-game/node_modules/@unrs/resolver-binding-linux-x64-gnu
1153 silly reify mark deleted [
1153 silly reify   '/home/Twitch/Projects/mafia-game/node_modules/@unrs/resolver-binding-linux-x64-gnu'
1153 silly reify ]
1154 http fetch GET https://registry.npmjs.org/@typescript-eslint/visitor-keys/-/visitor-keys-6.21.0.tgz attempt 3 failed with EAI_AGAIN
1155 http fetch GET https://registry.npmjs.org/@typescript-eslint/utils/-/utils-6.21.0.tgz attempt 3 failed with EAI_AGAIN
1156 http fetch GET https://registry.npmjs.org/@typescript-eslint/type-utils/-/type-utils-6.21.0.tgz attempt 3 failed with EAI_AGAIN
1157 http fetch GET https://registry.npmjs.org/@typescript-eslint/typescript-estree/-/typescript-estree-6.21.0.tgz attempt 3 failed with EAI_AGAIN
1158 http fetch GET https://registry.npmjs.org/@typescript-eslint/types/-/types-6.21.0.tgz attempt 3 failed with EAI_AGAIN
1159 http fetch GET https://registry.npmjs.org/@typescript-eslint/scope-manager/-/scope-manager-6.21.0.tgz attempt 3 failed with EAI_AGAIN
1160 http fetch GET https://registry.npmjs.org/@typescript-eslint/parser/-/parser-6.21.0.tgz attempt 3 failed with EAI_AGAIN
1161 verbose cwd /home/Twitch/Projects/mafia-game
1162 verbose os Linux 6.19.14-300.fc44.x86_64
1163 verbose node v22.22.0
1164 verbose npm  v10.9.4
1165 error Exit handler never called!
1166 error This is an error with npm itself. Please report this error at:
1167 error   <https://github.com/npm/cli/issues>
1168 verbose exit 1
1169 verbose code 1
1170 error A complete log of this run can be found in: /home/Twitch/Projects/mafia-game/.npm-cache/_logs/2026-05-05T20_38_44_222Z-debug-0.log
